행정구역,2019년09월_전월인구수_남자인구수,2019년09월_전월인구수_여자인구수,2019년09월_전월인구수_계,2019년09월_당월인구수_남자인구수,2019년09월_당월인구수_여자인구수,2019년09월_당월인구수_계,2019년09월_인구증감_남자인구수,2019년09월_인구증감_여자인구수,2019년09월_인구증감_계,2019년10월_전월인구수_남자인구수,2019년10월_전월인구수_여자인구수,2019년10월_전월인구수_계,2019년10월_당월인구수_남자인구수,2019년10월_당월인구수_여자인구수,2019년10월_당월인구수_계,2019년10월_인구증감_남자인구수,2019년10월_인구증감_여자인구수,2019년10월_인구증감_계,2019년11월_전월인구수_남자인구수,2019년11월_전월인구수_여자인구수,2019년11월_전월인구수_계,2019년11월_당월인구수_남자인구수,2019년11월_당월인구수_여자인구수,2019년11월_당월인구수_계,2019년11월_인구증감_남자인구수,2019년11월_인구증감_여자인구수,2019년11월_인구증감_계,2019년12월_전월인구수_남자인구수,2019년12월_전월인구수_여자인구수,2019년12월_전월인구수_계,2019년12월_당월인구수_남자인구수,2019년12월_당월인구수_여자인구수,2019년12월_당월인구수_계,2019년12월_인구증감_남자인구수,2019년12월_인구증감_여자인구수,2019년12월_인구증감_계,2020년01월_전월인구수_남자인구수,2020년01월_전월인구수_여자인구수,2020년01월_전월인구수_계,2020년01월_당월인구수_남자인구수,2020년01월_당월인구수_여자인구수,2020년01월_당월인구수_계,2020년01월_인구증감_남자인구수,2020년01월_인구증감_여자인구수,2020년01월_인구증감_계,2020년02월_전월인구수_남자인구수,2020년02월_전월인구수_여자인구수,2020년02월_전월인구수_계,2020년02월_당월인구수_남자인구수,2020년02월_당월인구수_여자인구수,2020년02월_당월인구수_계,2020년02월_인구증감_남자인구수,2020년02월_인구증감_여자인구수,2020년02월_인구증감_계,2020년03월_전월인구수_남자인구수,2020년03월_전월인구수_여자인구수,2020년03월_전월인구수_계,2020년03월_당월인구수_남자인구수,2020년03월_당월인구수_여자인구수,2020년03월_당월인구수_계,2020년03월_인구증감_남자인구수,2020년03월_인구증감_여자인구수,2020년03월_인구증감_계,2020년04월_전월인구수_남자인구수,2020년04월_전월인구수_여자인구수,2020년04월_전월인구수_계,2020년04월_당월인구수_남자인구수,2020년04월_당월인구수_여자인구수,2020년04월_당월인구수_계,2020년04월_인구증감_남자인구수,2020년04월_인구증감_여자인구수,2020년04월_인구증감_계,2020년05월_전월인구수_남자인구수,2020년05월_전월인구수_여자인구수,2020년05월_전월인구수_계,2020년05월_당월인구수_남자인구수,2020년05월_당월인구수_여자인구수,2020년05월_당월인구수_계,2020년05월_인구증감_남자인구수,2020년05월_인구증감_여자인구수,2020년05월_인구증감_계,2020년06월_전월인구수_남자인구수,2020년06월_전월인구수_여자인구수,2020년06월_전월인구수_계,2020년06월_당월인구수_남자인구수,2020년06월_당월인구수_여자인구수,2020년06월_당월인구수_계,2020년06월_인구증감_남자인구수,2020년06월_인구증감_여자인구수,2020년06월_인구증감_계,2020년07월_전월인구수_남자인구수,2020년07월_전월인구수_여자인구수,2020년07월_전월인구수_계,2020년07월_당월인구수_남자인구수,2020년07월_당월인구수_여자인구수,2020년07월_당월인구수_계,2020년07월_인구증감_남자인구수,2020년07월_인구증감_여자인구수,2020년07월_인구증감_계,2020년08월_전월인구수_남자인구수,2020년08월_전월인구수_여자인구수,2020년08월_전월인구수_계,2020년08월_당월인구수_남자인구수,2020년08월_당월인구수_여자인구수,2020년08월_당월인구수_계,2020년08월_인구증감_남자인구수,2020년08월_인구증감_여자인구수,2020년08월_인구증감_계,2020년09월_전월인구수_남자인구수,2020년09월_전월인구수_여자인구수,2020년09월_전월인구수_계,2020년09월_당월인구수_남자인구수,2020년09월_당월인구수_여자인구수,2020년09월_당월인구수_계,2020년09월_인구증감_남자인구수,2020년09월_인구증감_여자인구수,2020년09월_인구증감_계,2020년10월_전월인구수_남자인구수,2020년10월_전월인구수_여자인구수,2020년10월_전월인구수_계,2020년10월_당월인구수_남자인구수,2020년10월_당월인구수_여자인구수,2020년10월_당월인구수_계,2020년10월_인구증감_남자인구수,2020년10월_인구증감_여자인구수,2020년10월_인구증감_계,2020년11월_전월인구수_남자인구수,2020년11월_전월인구수_여자인구수,2020년11월_전월인구수_계,2020년11월_당월인구수_남자인구수,2020년11월_당월인구수_여자인구수,2020년11월_당월인구수_계,2020년11월_인구증감_남자인구수,2020년11월_인구증감_여자인구수,2020년11월_인구증감_계,2020년12월_전월인구수_남자인구수,2020년12월_전월인구수_여자인구수,2020년12월_전월인구수_계,2020년12월_당월인구수_남자인구수,2020년12월_당월인구수_여자인구수,2020년12월_당월인구수_계,2020년12월_인구증감_남자인구수,2020년12월_인구증감_여자인구수,2020년12월_인구증감_계,2021년01월_전월인구수_남자인구수,2021년01월_전월인구수_여자인구수,2021년01월_전월인구수_계,2021년01월_당월인구수_남자인구수,2021년01월_당월인구수_여자인구수,2021년01월_당월인구수_계,2021년01월_인구증감_남자인구수,2021년01월_인구증감_여자인구수,2021년01월_인구증감_계,2021년02월_전월인구수_남자인구수,2021년02월_전월인구수_여자인구수,2021년02월_전월인구수_계,2021년02월_당월인구수_남자인구수,2021년02월_당월인구수_여자인구수,2021년02월_당월인구수_계,2021년02월_인구증감_남자인구수,2021년02월_인구증감_여자인구수,2021년02월_인구증감_계,2021년03월_전월인구수_남자인구수,2021년03월_전월인구수_여자인구수,2021년03월_전월인구수_계,2021년03월_당월인구수_남자인구수,2021년03월_당월인구수_여자인구수,2021년03월_당월인구수_계,2021년03월_인구증감_남자인구수,2021년03월_인구증감_여자인구수,2021년03월_인구증감_계,2021년04월_전월인구수_남자인구수,2021년04월_전월인구수_여자인구수,2021년04월_전월인구수_계,2021년04월_당월인구수_남자인구수,2021년04월_당월인구수_여자인구수,2021년04월_당월인구수_계,2021년04월_인구증감_남자인구수,2021년04월_인구증감_여자인구수,2021년04월_인구증감_계,2021년05월_전월인구수_남자인구수,2021년05월_전월인구수_여자인구수,2021년05월_전월인구수_계,2021년05월_당월인구수_남자인구수,2021년05월_당월인구수_여자인구수,2021년05월_당월인구수_계,2021년05월_인구증감_남자인구수,2021년05월_인구증감_여자인구수,2021년05월_인구증감_계,2021년06월_전월인구수_남자인구수,2021년06월_전월인구수_여자인구수,2021년06월_전월인구수_계,2021년06월_당월인구수_남자인구수,2021년06월_당월인구수_여자인구수,2021년06월_당월인구수_계,2021년06월_인구증감_남자인구수,2021년06월_인구증감_여자인구수,2021년06월_인구증감_계,2021년07월_전월인구수_남자인구수,2021년07월_전월인구수_여자인구수,2021년07월_전월인구수_계,2021년07월_당월인구수_남자인구수,2021년07월_당월인구수_여자인구수,2021년07월_당월인구수_계,2021년07월_인구증감_남자인구수,2021년07월_인구증감_여자인구수,2021년07월_인구증감_계,2021년08월_전월인구수_남자인구수,2021년08월_전월인구수_여자인구수,2021년08월_전월인구수_계,2021년08월_당월인구수_남자인구수,2021년08월_당월인구수_여자인구수,2021년08월_당월인구수_계,2021년08월_인구증감_남자인구수,2021년08월_인구증감_여자인구수,2021년08월_인구증감_계,2021년09월_전월인구수_남자인구수,2021년09월_전월인구수_여자인구수,2021년09월_전월인구수_계,2021년09월_당월인구수_남자인구수,2021년09월_당월인구수_여자인구수,2021년09월_당월인구수_계,2021년09월_인구증감_남자인구수,2021년09월_인구증감_여자인구수,2021년09월_인구증감_계
경기도  (4100000000),"6,638,077","6,555,866","13,193,943","6,644,899","6,562,320","13,207,219","6,822","6,454","13,276","6,644,899","6,562,320","13,207,219","6,650,459","6,568,453","13,218,912","5,560","6,133","11,693","6,650,459","6,568,453","13,218,912","6,654,571","6,573,606","13,228,177","4,112","5,153","9,265","6,654,571","6,573,606","13,228,177","6,659,995","6,579,671","13,239,666","5,424","6,065","11,489","6,659,995","6,579,671","13,239,666","6,665,310","6,585,058","13,250,368","5,315","5,387","10,702","6,665,310","6,585,058","13,250,368","6,672,706","6,592,671","13,265,377","7,396","7,613","15,009","6,672,706","6,592,671","13,265,377","6,684,759","6,604,216","13,288,975","12,053","11,545","23,598","6,684,759","6,604,216","13,288,975","6,696,531","6,614,723","13,311,254","11,772","10,507","22,279","6,696,531","6,614,723","13,311,254","6,703,603","6,620,438","13,324,041","7,072","5,715","12,787","6,703,603","6,620,438","13,324,041","6,711,047","6,626,973","13,338,020","7,444","6,535","13,979","6,711,047","6,626,973","13,338,020","6,717,812","6,634,079","13,351,891","6,765","7,106","13,871","6,717,812","6,634,079","13,351,891","6,727,226","6,643,488","13,370,714","9,414","9,409","18,823","6,727,226","6,643,488","13,370,714","6,736,077","6,652,408","13,388,485","8,851","8,920","17,771","6,736,077","6,652,408","13,388,485","6,741,849","6,658,766","13,400,615","5,772","6,358","12,130","6,741,849","6,658,766","13,400,615","6,748,061","6,665,398","13,413,459","6,212","6,632","12,844","6,713,886","6,632,038","13,345,924","6,754,469","6,672,545","13,427,014","40,583","40,507","81,090","6,754,469","6,672,545","13,427,014","6,765,862","6,683,637","13,449,499","11,393","11,092","22,485","6,765,862","6,683,637","13,449,499","6,777,066","6,694,692","13,471,758","11,204","11,055","22,259","6,777,066","6,694,692","13,471,758","6,776,866","6,688,971","13,465,837",-200,"-5,721","-5,921","6,776,866","6,688,971","13,465,837","6,784,466","6,695,332","13,479,798","7,600","6,361","13,961","6,784,466","6,695,332","13,479,798","6,789,327","6,699,583","13,488,910","4,861","4,251","9,112","6,789,327","6,699,583","13,488,910","6,795,088","6,705,600","13,500,688","5,761","6,017","11,778","6,795,088","6,705,600","13,500,688","6,801,008","6,711,859","13,512,867","5,920","6,259","12,179","6,801,008","6,711,859","13,512,867","6,810,105","6,720,414","13,530,519","9,097","8,555","17,652","6,810,105","6,720,414","13,530,519","6,816,449","6,725,835","13,542,284","6,344","5,421","11,765"
경기도 수원시 (4111000000),"601,973","593,345","1,195,318","602,477","593,597","1,196,074",504,252,756,"602,477","593,597","1,196,074","601,900","593,304","1,195,204",-577,-293,-870,"601,900","593,304","1,195,204","601,697","593,137","1,194,834",-203,-167,-370,"601,697","593,137","1,194,834","601,410","593,055","1,194,465",-287,-82,-369,"601,410","593,055","1,194,465","601,097","592,797","1,193,894",-313,-258,-571,"601,097","592,797","1,193,894","600,958","592,522","1,193,480",-139,-275,-414,"600,958","592,522","1,193,480","600,550","592,212","1,192,762",-408,-310,-718,"600,550","592,212","1,192,762","600,616","592,006","1,192,622",66,-206,-140,"600,616","592,006","1,192,622","600,154","591,864","1,192,018",-462,-142,-604,"600,154","591,864","1,192,018","599,868","591,674","1,191,542",-286,-190,-476,"599,868","591,674","1,191,542","599,719","591,525","1,191,244",-149,-149,-298,"599,719","591,525","1,191,244","599,101","590,973","1,190,074",-618,-552,"-1,170","599,101","590,973","1,190,074","598,549","590,377","1,188,926",-552,-596,"-1,148","598,549","590,377","1,188,926","597,863","589,775","1,187,638",-686,-602,"-1,288","597,863","589,775","1,187,638","597,612","589,541","1,187,153",-251,-234,-485,"597,612","589,541","1,187,153","597,076","589,002","1,186,078",-536,-539,"-1,075","597,076","589,002","1,186,078","596,918","588,823","1,185,741",-158,-179,-337,"596,918","588,823","1,185,741","597,254","589,019","1,186,273",336,196,532,"597,254","589,019","1,186,273","597,390","588,594","1,185,984",136,-425,-289,"597,390","588,594","1,185,984","597,136","588,396","1,185,532",-254,-198,-452,"597,136","588,396","1,185,532","596,759","588,163","1,184,922",-377,-233,-610,"596,759","588,163","1,184,922","596,269","587,941","1,184,210",-490,-222,-712,"596,269","587,941","1,184,210","595,883","587,732","1,183,615",-386,-209,-595,"595,883","587,732","1,183,615","595,810","587,609","1,183,419",-73,-123,-196,"595,810","587,609","1,183,419","596,543","588,211","1,184,754",733,602,"1,335"
경기도 수원시 장안구 (4111100000),"140,915","139,033","279,948","140,958","138,861","279,819",43,-172,-129,"140,958","138,861","279,819","140,663","138,555","279,218",-295,-306,-601,"140,663","138,555","279,218","140,443","138,355","278,798",-220,-200,-420,"140,443","138,355","278,798","140,218","138,159","278,377",-225,-196,-421,"140,218","138,159","278,377","139,934","137,912","277,846",-284,-247,-531,"139,934","137,912","277,846","139,776","137,610","277,386",-158,-302,-460,"139,776","137,610","277,386","139,438","137,404","276,842",-338,-206,-544,"139,438","137,404","276,842","139,377","137,234","276,611",-61,-170,-231,"139,377","137,234","276,611","139,181","137,136","276,317",-196,-98,-294,"139,181","137,136","276,317","138,916","136,959","275,875",-265,-177,-442,"138,916","136,959","275,875","138,705","136,774","275,479",-211,-185,-396,"138,705","136,774","275,479","138,427","136,557","274,984",-278,-217,-495,"138,427","136,557","274,984","138,475","136,436","274,911",48,-121,-73,"138,475","136,436","274,911","138,265","136,215","274,480",-210,-221,-431,"138,265","136,215","274,480","138,079","136,069","274,148",-186,-146,-332,"138,079","136,069","274,148","137,807","135,854","273,661",-272,-215,-487,"137,807","135,854","273,661","137,599","135,725","273,324",-208,-129,-337,"137,599","135,725","273,324","137,348","135,475","272,823",-251,-250,-501,"137,348","135,475","272,823","137,079","134,839","271,918",-269,-636,-905,"137,079","134,839","271,918","136,718","134,452","271,170",-361,-387,-748,"136,718","134,452","271,170","136,498","134,309","270,807",-220,-143,-363,"136,498","134,309","270,807","136,189","134,184","270,373",-309,-125,-434,"136,189","134,184","270,373","135,998","134,046","270,044",-191,-138,-329,"135,998","134,046","270,044","135,945","133,961","269,906",-53,-85,-138,"135,945","133,961","269,906","137,328","135,297","272,625","1,383","1,336","2,719"
경기도 수원시 권선구 (4111300000),"188,327","184,825","373,152","188,199","184,626","372,825",-128,-199,-327,"188,199","184,626","372,825","187,929","184,447","372,376",-270,-179,-449,"187,929","184,447","372,376","187,780","184,233","372,013",-149,-214,-363,"187,780","184,233","372,013","187,627","184,127","371,754",-153,-106,-259,"187,627","184,127","371,754","187,499","184,010","371,509",-128,-117,-245,"187,499","184,010","371,509","187,300","183,918","371,218",-199,-92,-291,"187,300","183,918","371,218","187,153","183,769","370,922",-147,-149,-296,"187,153","183,769","370,922","187,190","183,765","370,955",37,-4,33,"187,190","183,765","370,955","187,053","183,634","370,687",-137,-131,-268,"187,053","183,634","370,687","187,043","183,605","370,648",-10,-29,-39,"187,043","183,605","370,648","187,000","183,548","370,548",-43,-57,-100,"187,000","183,548","370,548","186,899","183,438","370,337",-101,-110,-211,"186,899","183,438","370,337","186,646","183,109","369,755",-253,-329,-582,"186,646","183,109","369,755","186,435","182,879","369,314",-211,-230,-441,"186,435","182,879","369,314","186,359","182,791","369,150",-76,-88,-164,"186,359","182,791","369,150","186,050","182,595","368,645",-309,-196,-505,"186,050","182,595","368,645","186,125","182,561","368,686",75,-34,41,"186,125","182,561","368,686","185,850","182,307","368,157",-275,-254,-529,"185,850","182,307","368,157","185,162","181,391","366,553",-688,-916,"-1,604","185,162","181,391","366,553","184,768","181,010","365,778",-394,-381,-775,"184,768","181,010","365,778","184,566","180,818","365,384",-202,-192,-394,"184,566","180,818","365,384","184,469","180,739","365,208",-97,-79,-176,"184,469","180,739","365,208","184,424","180,733","365,157",-45,-6,-51,"184,424","180,733","365,157","184,433","180,670","365,103",9,-63,-54,"184,433","180,670","365,103","184,206","180,465","364,671",-227,-205,-432
경기도 수원시 팔달구 (4111500000),"89,361","88,114","177,475","89,142","87,921","177,063",-219,-193,-412,"89,142","87,921","177,063","88,891","87,661","176,552",-251,-260,-511,"88,891","87,661","176,552","88,743","87,501","176,244",-148,-160,-308,"88,743","87,501","176,244","88,523","87,343","175,866",-220,-158,-378,"88,523","87,343","175,866","88,471","87,227","175,698",-52,-116,-168,"88,471","87,227","175,698","88,492","87,185","175,677",21,-42,-21,"88,492","87,185","175,677","88,411","87,122","175,533",-81,-63,-144,"88,411","87,122","175,533","88,408","87,038","175,446",-3,-84,-87,"88,408","87,038","175,446","88,354","87,042","175,396",-54,4,-50,"88,354","87,042","175,396","88,401","87,067","175,468",47,25,72,"88,401","87,067","175,468","88,324","86,923","175,247",-77,-144,-221,"88,324","86,923","175,247","88,225","86,838","175,063",-99,-85,-184,"88,225","86,838","175,063","88,094","86,785","174,879",-131,-53,-184,"88,094","86,785","174,879","87,991","86,692","174,683",-103,-93,-196,"87,991","86,692","174,683","88,067","86,642","174,709",76,-50,26,"88,067","86,642","174,709","88,180","86,750","174,930",113,108,221,"88,180","86,750","174,930","88,300","86,798","175,098",120,48,168,"88,300","86,798","175,098","89,461","87,846","177,307","1,161","1,048","2,209","89,461","87,846","177,307","91,240","89,503","180,743","1,779","1,657","3,436","91,240","89,503","180,743","92,024","90,353","182,377",784,850,"1,634","92,024","90,353","182,377","92,228","90,616","182,844",204,263,467,"92,228","90,616","182,844","92,354","90,769","183,123",126,153,279,"92,354","90,769","183,123","92,352","90,846","183,198",-2,77,75,"92,352","90,846","183,198","92,377","90,911","183,288",25,65,90,"92,377","90,911","183,288","92,230","90,695","182,925",-147,-216,-363
경기도 수원시 영통구 (4111700000),"183,370","181,373","364,743","184,178","182,189","366,367",808,816,"1,624","184,178","182,189","366,367","184,417","182,641","367,058",239,452,691,"184,417","182,641","367,058","184,731","183,048","367,779",314,407,721,"184,731","183,048","367,779","185,042","183,426","368,468",311,378,689,"185,042","183,426","368,468","185,193","183,648","368,841",151,222,373,"185,193","183,648","368,841","185,390","183,809","369,199",197,161,358,"185,390","183,809","369,199","185,548","183,917","369,465",158,108,266,"185,548","183,917","369,465","185,641","183,969","369,610",93,52,145,"185,641","183,969","369,610","185,566","184,052","369,618",-75,83,8,"185,566","184,052","369,618","185,508","184,043","369,551",-58,-9,-67,"185,508","184,043","369,551","185,690","184,280","369,970",182,237,419,"185,690","184,280","369,970","185,550","184,140","369,690",-140,-140,-280,"185,550","184,140","369,690","185,334","184,047","369,381",-216,-93,-309,"185,334","184,047","369,381","185,172","183,989","369,161",-162,-58,-220,"185,172","183,989","369,161","185,107","184,039","369,146",-65,50,-15,"185,107","184,039","369,146","185,039","183,803","368,842",-68,-236,-304,"185,039","183,803","368,842","184,894","183,739","368,633",-145,-64,-209,"184,894","183,739","368,633","184,595","183,391","367,986",-299,-348,-647,"184,595","183,391","367,986","183,909","182,861","366,770",-686,-530,"-1,216","183,909","182,861","366,770","183,626","182,581","366,207",-283,-280,-563,"183,626","182,581","366,207","183,467","182,420","365,887",-159,-161,-320,"183,467","182,420","365,887","183,257","182,249","365,506",-210,-171,-381,"183,257","182,249","365,506","183,109","182,107","365,216",-148,-142,-290,"183,109","182,107","365,216","183,055","182,067","365,122",-54,-40,-94,"183,055","182,067","365,122","182,779","181,754","364,533",-276,-313,-589
경기도 성남시 (4113000000),"468,086","477,460","945,546","467,683","477,058","944,741",-403,-402,-805,"467,683","477,058","944,741","467,031","476,554","943,585",-652,-504,"-1,156","467,031","476,554","943,585","466,737","476,192","942,929",-294,-362,-656,"466,737","476,192","942,929","466,644","476,080","942,724",-93,-112,-205,"466,644","476,080","942,724","466,582","476,067","942,649",-62,-13,-75,"466,582","476,067","942,649","466,306","475,877","942,183",-276,-190,-466,"466,306","475,877","942,183","466,115","475,573","941,688",-191,-304,-495,"466,115","475,573","941,688","466,119","475,408","941,527",4,-165,-161,"466,119","475,408","941,527","465,640","474,879","940,519",-479,-529,"-1,008","465,640","474,879","940,519","465,307","474,441","939,748",-333,-438,-771,"465,307","474,441","939,748","465,033","473,949","938,982",-274,-492,-766,"465,033","473,949","938,982","465,801","474,867","940,668",768,918,"1,686","465,801","474,867","940,668","466,232","475,551","941,783",431,684,"1,115","466,232","475,551","941,783","466,057","475,423","941,480",-175,-128,-303,"466,057","475,423","941,480","465,702","475,044","940,746",-355,-379,-734,"465,702","475,044","940,746","465,407","474,657","940,064",-295,-387,-682,"465,407","474,657","940,064","465,278","474,496","939,774",-129,-161,-290,"465,278","474,496","939,774","464,828","473,991","938,819",-450,-505,-955,"464,828","473,991","938,819","462,773","471,535","934,308","-2,055","-2,456","-4,511","462,773","471,535","934,308","462,086","470,781","932,867",-687,-754,"-1,441","462,086","470,781","932,867","461,504","470,122","931,626",-582,-659,"-1,241","461,504","470,122","931,626","461,565","470,089","931,654",61,-33,28,"461,565","470,089","931,654","461,613","470,143","931,756",48,54,102,"461,613","470,143","931,756","461,612","470,319","931,931",-1,176,175,"461,612","470,319","931,931","461,496","470,264","931,760",-116,-55,-171
경기도 성남시 수정구 (4113100000),"118,397","115,596","233,993","118,637","115,933","234,570",240,337,577,"118,637","115,933","234,570","118,705","116,095","234,800",68,162,230,"118,705","116,095","234,800","118,643","116,005","234,648",-62,-90,-152,"118,643","116,005","234,648","118,631","116,047","234,678",-12,42,30,"118,631","116,047","234,678","118,562","116,052","234,614",-69,5,-64,"118,562","116,052","234,614","118,469","115,948","234,417",-93,-104,-197,"118,469","115,948","234,417","118,479","115,942","234,421",10,-6,4,"118,479","115,942","234,421","118,680","115,973","234,653",201,31,232,"118,680","115,973","234,653","118,761","115,941","234,702",81,-32,49,"118,761","115,941","234,702","118,800","115,929","234,729",39,-12,27,"118,800","115,929","234,729","118,933","116,060","234,993",133,131,264,"118,933","116,060","234,993","120,930","118,113","239,043","1,997","2,053","4,050","120,930","118,113","239,043","122,254","119,549","241,803","1,324","1,436","2,760","122,254","119,549","241,803","122,555","119,896","242,451",301,347,648,"122,555","119,896","242,451","122,416","119,741","242,157",-139,-155,-294,"122,416","119,741","242,157","122,204","119,497","241,701",-212,-244,-456,"122,204","119,497","241,701","122,167","119,401","241,568",-37,-96,-133,"122,167","119,401","241,568","122,005","119,212","241,217",-162,-189,-351,"122,005","119,212","241,217","120,965","118,019","238,984","-1,040","-1,193","-2,233","120,965","118,019","238,984","120,625","117,711","238,336",-340,-308,-648,"120,625","117,711","238,336","120,292","117,437","237,729",-333,-274,-607,"120,292","117,437","237,729","119,857","117,016","236,873",-435,-421,-856,"119,857","117,016","236,873","119,613","116,738","236,351",-244,-278,-522,"119,613","116,738","236,351","119,326","116,394","235,720",-287,-344,-631,"119,326","116,394","235,720","119,231","116,299","235,530",-95,-95,-190
경기도 성남시 중원구 (4113300000),"112,289","109,455","221,744","112,051","109,183","221,234",-238,-272,-510,"112,051","109,183","221,234","111,771","108,966","220,737",-280,-217,-497,"111,771","108,966","220,737","111,654","108,816","220,470",-117,-150,-267,"111,654","108,816","220,470","111,444","108,597","220,041",-210,-219,-429,"111,444","108,597","220,041","111,364","108,557","219,921",-80,-40,-120,"111,364","108,557","219,921","111,214","108,405","219,619",-150,-152,-302,"111,214","108,405","219,619","111,141","108,267","219,408",-73,-138,-211,"111,141","108,267","219,408","111,002","108,153","219,155",-139,-114,-253,"111,002","108,153","219,155","110,836","107,949","218,785",-166,-204,-370,"110,836","107,949","218,785","110,657","107,828","218,485",-179,-121,-300,"110,657","107,828","218,485","110,495","107,651","218,146",-162,-177,-339,"110,495","107,651","218,146","109,907","107,062","216,969",-588,-589,"-1,177","109,907","107,062","216,969","109,575","106,804","216,379",-332,-258,-590,"109,575","106,804","216,379","109,376","106,637","216,013",-199,-167,-366,"109,376","106,637","216,013","109,362","106,613","215,975",-14,-24,-38,"109,362","106,613","215,975","109,444","106,687","216,131",82,74,156,"109,444","106,687","216,131","109,424","106,718","216,142",-20,31,11,"109,424","106,718","216,142","109,410","106,718","216,128",-14,0,-14,"109,410","106,718","216,128","109,074","106,262","215,336",-336,-456,-792,"109,074","106,262","215,336","109,100","106,214","215,314",26,-48,-22,"109,100","106,214","215,314","109,064","106,148","215,212",-36,-66,-102,"109,064","106,148","215,212","108,857","105,910","214,767",-207,-238,-445,"108,857","105,910","214,767","108,571","105,618","214,189",-286,-292,-578,"108,571","105,618","214,189","108,332","105,452","213,784",-239,-166,-405,"108,332","105,452","213,784","108,053","105,227","213,280",-279,-225,-504
경기도 성남시 분당구 (4113500000),"237,400","252,409","489,809","236,995","251,942","488,937",-405,-467,-872,"236,995","251,942","488,937","236,555","251,493","488,048",-440,-449,-889,"236,555","251,493","488,048","236,440","251,371","487,811",-115,-122,-237,"236,440","251,371","487,811","236,569","251,436","488,005",129,65,194,"236,569","251,436","488,005","236,656","251,458","488,114",87,22,109,"236,656","251,458","488,114","236,623","251,524","488,147",-33,66,33,"236,623","251,524","488,147","236,495","251,364","487,859",-128,-160,-288,"236,495","251,364","487,859","236,437","251,282","487,719",-58,-82,-140,"236,437","251,282","487,719","236,043","250,989","487,032",-394,-293,-687,"236,043","250,989","487,032","235,850","250,684","486,534",-193,-305,-498,"235,850","250,684","486,534","235,605","250,238","485,843",-245,-446,-691,"235,605","250,238","485,843","234,964","249,692","484,656",-641,-546,"-1,187","234,964","249,692","484,656","234,403","249,198","483,601",-561,-494,"-1,055","234,403","249,198","483,601","234,126","248,890","483,016",-277,-308,-585,"234,126","248,890","483,016","233,924","248,690","482,614",-202,-200,-402,"233,924","248,690","482,614","233,759","248,473","482,232",-165,-217,-382,"233,759","248,473","482,232","233,687","248,377","482,064",-72,-96,-168,"233,687","248,377","482,064","233,413","248,061","481,474",-274,-316,-590,"233,413","248,061","481,474","232,734","247,254","479,988",-679,-807,"-1,486","232,734","247,254","479,988","232,361","246,856","479,217",-373,-398,-771,"232,361","246,856","479,217","232,148","246,537","478,685",-213,-319,-532,"232,148","246,537","478,685","232,851","247,163","480,014",703,626,"1,329","232,851","247,163","480,014","233,429","247,787","481,216",578,624,"1,202","233,429","247,787","481,216","233,954","248,473","482,427",525,686,"1,211","233,954","248,473","482,427","234,212","248,738","482,950",258,265,523
경기도 의정부시 (4115000000),"222,583","229,260","451,843","222,617","229,229","451,846",34,-31,3,"222,617","229,229","451,846","222,605","229,236","451,841",-12,7,-5,"222,605","229,236","451,841","222,627","229,206","451,833",22,-30,-8,"222,627","229,206","451,833","222,590","229,278","451,868",-37,72,35,"222,590","229,278","451,868","222,611","229,265","451,876",21,-13,8,"222,611","229,265","451,876","223,110","229,755","452,865",499,490,989,"223,110","229,755","452,865","223,534","230,145","453,679",424,390,814,"223,534","230,145","453,679","223,765","230,457","454,222",231,312,543,"223,765","230,457","454,222","224,100","230,759","454,859",335,302,637,"224,100","230,759","454,859","224,416","231,104","455,520",316,345,661,"224,416","231,104","455,520","224,479","231,192","455,671",63,88,151,"224,479","231,192","455,671","224,985","231,675","456,660",506,483,989,"224,985","231,675","456,660","225,715","232,558","458,273",730,883,"1,613","225,715","232,558","458,273","226,232","233,186","459,418",517,628,"1,145","226,232","233,186","459,418","226,656","233,734","460,390",424,548,972,"226,656","233,734","460,390","227,342","234,368","461,710",686,634,"1,320","227,342","234,368","461,710","227,731","234,768","462,499",389,400,789,"227,731","234,768","462,499","227,725","234,894","462,619",-6,126,120,"227,725","234,894","462,619","227,191","233,952","461,143",-534,-942,"-1,476","227,191","233,952","461,143","227,112","233,965","461,077",-79,13,-66,"227,112","233,965","461,077","227,073","233,850","460,923",-39,-115,-154,"227,073","233,850","460,923","227,380","234,143","461,523",307,293,600,"227,380","234,143","461,523","227,975","234,613","462,588",595,470,"1,065","227,975","234,613","462,588","228,349","235,024","463,373",374,411,785,"228,349","235,024","463,373","228,451","235,111","463,562",102,87,189
경기도 안양시 (4117000000),"282,861","288,372","571,233","282,458","288,086","570,544",-403,-286,-689,"282,458","288,086","570,544","282,129","287,623","569,752",-329,-463,-792,"282,129","287,623","569,752","281,682","287,363","569,045",-447,-260,-707,"281,682","287,363","569,045","280,652","286,392","567,044","-1,030",-971,"-2,001","280,652","286,392","567,044","279,857","285,495","565,352",-795,-897,"-1,692","279,857","285,495","565,352","278,678","284,388","563,066","-1,179","-1,107","-2,286","278,678","284,388","563,066","278,194","283,772","561,966",-484,-616,"-1,100","278,194","283,772","561,966","277,727","283,342","561,069",-467,-430,-897,"277,727","283,342","561,069","276,997","282,795","559,792",-730,-547,"-1,277","276,997","282,795","559,792","276,140","281,877","558,017",-857,-918,"-1,775","276,140","281,877","558,017","275,318","281,243","556,561",-822,-634,"-1,456","275,318","281,243","556,561","274,506","280,351","554,857",-812,-892,"-1,704","274,506","280,351","554,857","273,677","279,609","553,286",-829,-742,"-1,571","273,677","279,609","553,286","273,030","279,124","552,154",-647,-485,"-1,132","273,030","279,124","552,154","272,550","278,746","551,296",-480,-378,-858,"272,550","278,746","551,296","271,936","278,091","550,027",-614,-655,"-1,269","271,936","278,091","550,027","271,760","277,970","549,730",-176,-121,-297,"271,760","277,970","549,730","272,392","278,547","550,939",632,577,"1,209","272,392","278,547","550,939","272,569","278,567","551,136",177,20,197,"272,569","278,567","551,136","272,626","278,563","551,189",57,-4,53,"272,626","278,563","551,189","272,348","278,402","550,750",-278,-161,-439,"272,348","278,402","550,750","271,857","278,046","549,903",-491,-356,-847,"271,857","278,046","549,903","271,356","277,604","548,960",-501,-442,-943,"271,356","277,604","548,960","271,131","277,360","548,491",-225,-244,-469,"271,131","277,360","548,491","270,954","277,120","548,074",-177,-240,-417
경기도 안양시 만안구 (4117100000),"123,903","123,418","247,321","123,643","123,164","246,807",-260,-254,-514,"123,643","123,164","246,807","123,362","122,799","246,161",-281,-365,-646,"123,362","122,799","246,161","123,020","122,570","245,590",-342,-229,-571,"123,020","122,570","245,590","122,326","121,909","244,235",-694,-661,"-1,355","122,326","121,909","244,235","121,839","121,337","243,176",-487,-572,"-1,059","121,839","121,337","243,176","121,300","120,807","242,107",-539,-530,"-1,069","121,300","120,807","242,107","121,227","120,689","241,916",-73,-118,-191,"121,227","120,689","241,916","121,239","120,760","241,999",12,71,83,"121,239","120,760","241,999","121,248","120,857","242,105",9,97,106,"121,248","120,857","242,105","121,115","120,715","241,830",-133,-142,-275,"121,115","120,715","241,830","120,904","120,574","241,478",-211,-141,-352,"120,904","120,574","241,478","120,692","120,254","240,946",-212,-320,-532,"120,692","120,254","240,946","120,500","120,104","240,604",-192,-150,-342,"120,500","120,104","240,604","120,356","120,008","240,364",-144,-96,-240,"120,356","120,008","240,364","120,116","119,831","239,947",-240,-177,-417,"120,116","119,831","239,947","119,864","119,549","239,413",-252,-282,-534,"119,864","119,549","239,413","119,689","119,381","239,070",-175,-168,-343,"119,689","119,381","239,070","119,191","118,940","238,131",-498,-441,-939,"119,191","118,940","238,131","119,096","118,783","237,879",-95,-157,-252,"119,096","118,783","237,879","119,297","118,934","238,231",201,151,352,"119,297","118,934","238,231","119,314","119,017","238,331",17,83,100,"119,314","119,017","238,331","119,318","119,073","238,391",4,56,60,"119,318","119,073","238,391","119,435","119,204","238,639",117,131,248,"119,435","119,204","238,639","119,678","119,393","239,071",243,189,432,"119,678","119,393","239,071","119,850","119,506","239,356",172,113,285
경기도 안양시 동안구 (4117300000),"158,958","164,954","323,912","158,815","164,922","323,737",-143,-32,-175,"158,815","164,922","323,737","158,767","164,824","323,591",-48,-98,-146,"158,767","164,824","323,591","158,662","164,793","323,455",-105,-31,-136,"158,662","164,793","323,455","158,326","164,483","322,809",-336,-310,-646,"158,326","164,483","322,809","158,018","164,158","322,176",-308,-325,-633,"158,018","164,158","322,176","157,378","163,581","320,959",-640,-577,"-1,217","157,378","163,581","320,959","156,967","163,083","320,050",-411,-498,-909,"156,967","163,083","320,050","156,488","162,582","319,070",-479,-501,-980,"156,488","162,582","319,070","155,749","161,938","317,687",-739,-644,"-1,383","155,749","161,938","317,687","155,025","161,162","316,187",-724,-776,"-1,500","155,025","161,162","316,187","154,414","160,669","315,083",-611,-493,"-1,104","154,414","160,669","315,083","153,814","160,097","313,911",-600,-572,"-1,172","153,814","160,097","313,911","153,177","159,505","312,682",-637,-592,"-1,229","153,177","159,505","312,682","152,674","159,116","311,790",-503,-389,-892,"152,674","159,116","311,790","152,434","158,915","311,349",-240,-201,-441,"152,434","158,915","311,349","152,072","158,542","310,614",-362,-373,-735,"152,072","158,542","310,614","152,071","158,589","310,660",-1,47,46,"152,071","158,589","310,660","153,201","159,607","312,808","1,130","1,018","2,148","153,201","159,607","312,808","153,473","159,784","313,257",272,177,449,"153,473","159,784","313,257","153,329","159,629","312,958",-144,-155,-299,"153,329","159,629","312,958","153,034","159,385","312,419",-295,-244,-539,"153,034","159,385","312,419","152,539","158,973","311,512",-495,-412,-907,"152,539","158,973","311,512","151,921","158,400","310,321",-618,-573,"-1,191","151,921","158,400","310,321","151,453","157,967","309,420",-468,-433,-901,"151,453","157,967","309,420","151,104","157,614","308,718",-349,-353,-702
경기도 부천시 (4119000000),"414,815","419,461","834,276","414,250","418,968","833,218",-565,-493,"-1,058","414,250","418,968","833,218","413,450","418,251","831,701",-800,-717,"-1,517","413,450","418,251","831,701","412,895","417,916","830,811",-555,-335,-890,"412,895","417,916","830,811","412,500","417,496","829,996",-395,-420,-815,"412,500","417,496","829,996","411,912","417,035","828,947",-588,-461,"-1,049","411,912","417,035","828,947","411,044","416,330","827,374",-868,-705,"-1,573","411,044","416,330","827,374","410,853","416,279","827,132",-191,-51,-242,"410,853","416,279","827,132","410,678","416,167","826,845",-175,-112,-287,"410,678","416,167","826,845","410,257","415,836","826,093",-421,-331,-752,"410,257","415,836","826,093","409,982","415,718","825,700",-275,-118,-393,"409,982","415,718","825,700","409,371","415,304","824,675",-611,-414,"-1,025","409,371","415,304","824,675","408,411","414,454","822,865",-960,-850,"-1,810","408,411","414,454","822,865","407,881","414,119","822,000",-530,-335,-865,"407,881","414,119","822,000","407,401","413,667","821,068",-480,-452,-932,"407,401","413,667","821,068","406,839","413,151","819,990",-562,-516,"-1,078","406,839","413,151","819,990","406,023","412,360","818,383",-816,-791,"-1,607","406,023","412,360","818,383","405,464","411,985","817,449",-559,-375,-934,"405,464","411,985","817,449","404,763","411,324","816,087",-701,-661,"-1,362","404,763","411,324","816,087","403,374","409,804","813,178","-1,389","-1,520","-2,909","403,374","409,804","813,178","402,851","409,307","812,158",-523,-497,"-1,020","402,851","409,307","812,158","402,337","408,888","811,225",-514,-419,-933,"402,337","408,888","811,225","402,000","408,742","810,742",-337,-146,-483,"402,000","408,742","810,742","401,645","408,424","810,069",-355,-318,-673,"401,645","408,424","810,069","401,353","408,206","809,559",-292,-218,-510,"401,353","408,206","809,559","401,051","408,032","809,083",-302,-174,-476
경기도 광명시 (4121000000),"158,133","161,766","319,899","157,759","161,446","319,205",-374,-320,-694,"157,759","161,446","319,205","157,157","160,864","318,021",-602,-582,"-1,184","157,157","160,864","318,021","156,721","160,423","317,144",-436,-441,-877,"156,721","160,423","317,144","156,405","160,147","316,552",-316,-276,-592,"156,405","160,147","316,552","156,095","159,825","315,920",-310,-322,-632,"156,095","159,825","315,920","156,129","159,996","316,125",34,171,205,"156,129","159,996","316,125","156,128","160,092","316,220",-1,96,95,"156,128","160,092","316,220","155,900","159,845","315,745",-228,-247,-475,"155,900","159,845","315,745","155,249","159,164","314,413",-651,-681,"-1,332","155,249","159,164","314,413","154,425","158,349","312,774",-824,-815,"-1,639","154,425","158,349","312,774","153,575","157,544","311,119",-850,-805,"-1,655","153,575","157,544","311,119","152,384","156,294","308,678","-1,191","-1,250","-2,441","152,384","156,294","308,678","150,994","154,842","305,836","-1,390","-1,452","-2,842","150,994","154,842","305,836","149,478","153,283","302,761","-1,516","-1,559","-3,075","149,478","153,283","302,761","148,104","151,988","300,092","-1,374","-1,295","-2,669","148,104","151,988","300,092","147,278","151,321","298,599",-826,-667,"-1,493","147,278","151,321","298,599","146,858","150,890","297,748",-420,-431,-851,"146,858","150,890","297,748","146,369","150,416","296,785",-489,-474,-963,"146,369","150,416","296,785","145,897","149,853","295,750",-472,-563,"-1,035","145,897","149,853","295,750","145,859","149,831","295,690",-38,-22,-60,"145,859","149,831","295,690","145,900","149,842","295,742",41,11,52,"145,900","149,842","295,742","145,948","149,904","295,852",48,62,110,"145,948","149,904","295,852","145,781","149,779","295,560",-167,-125,-292,"145,781","149,779","295,560","145,603","149,732","295,335",-178,-47,-225,"145,603","149,732","295,335","145,398","149,497","294,895",-205,-235,-440
경기도 평택시 (4122000000),"260,106","245,711","505,817","261,089","246,532","507,621",983,821,"1,804","261,089","246,532","507,621","262,086","247,443","509,529",997,911,"1,908","262,086","247,443","509,529","263,039","248,190","511,229",953,747,"1,700","263,039","248,190","511,229","264,012","249,015","513,027",973,825,"1,798","264,012","249,015","513,027","265,037","249,839","514,876","1,025",824,"1,849","265,037","249,839","514,876","266,206","250,881","517,087","1,169","1,042","2,211","266,206","250,881","517,087","267,360","251,764","519,124","1,154",883,"2,037","267,360","251,764","519,124","268,331","252,318","520,649",971,554,"1,525","268,331","252,318","520,649","269,109","253,002","522,111",778,684,"1,462","269,109","253,002","522,111","270,183","253,698","523,881","1,074",696,"1,770","270,183","253,698","523,881","271,051","254,327","525,378",868,629,"1,497","271,051","254,327","525,378","271,992","255,174","527,166",941,847,"1,788","271,992","255,174","527,166","273,077","256,063","529,140","1,085",889,"1,974","273,077","256,063","529,140","274,461","257,194","531,655","1,384","1,131","2,515","274,461","257,194","531,655","275,968","258,375","534,343","1,507","1,181","2,688","275,968","258,375","534,343","277,617","259,690","537,307","1,649","1,315","2,964","277,617","259,690","537,307","279,690","261,239","540,929","2,073","1,549","3,622","279,690","261,239","540,929","281,521","262,564","544,085","1,831","1,325","3,156","281,521","262,564","544,085","282,242","262,126","544,368",721,-438,283,"282,242","262,126","544,368","283,450","262,704","546,154","1,208",578,"1,786","283,450","262,704","546,154","284,559","263,572","548,131","1,109",868,"1,977","284,559","263,572","548,131","285,580","264,321","549,901","1,021",749,"1,770","285,580","264,321","549,901","286,588","265,015","551,603","1,008",694,"1,702","286,588","265,015","551,603","288,302","266,209","554,511","1,714","1,194","2,908","288,302","266,209","554,511","290,020","267,430","557,450","1,718","1,221","2,939"
경기도 동두천시 (4125000000),"47,399","47,611","95,010","47,332","47,580","94,912",-67,-31,-98,"47,332","47,580","94,912","47,335","47,606","94,941",3,26,29,"47,335","47,606","94,941","47,278","47,501","94,779",-57,-105,-162,"47,278","47,501","94,779","47,308","47,460","94,768",30,-41,-11,"47,308","47,460","94,768","47,276","47,443","94,719",-32,-17,-49,"47,276","47,443","94,719","47,156","47,296","94,452",-120,-147,-267,"47,156","47,296","94,452","47,048","47,183","94,231",-108,-113,-221,"47,048","47,183","94,231","47,015","47,176","94,191",-33,-7,-40,"47,015","47,176","94,191","46,946","47,151","94,097",-69,-25,-94,"46,946","47,151","94,097","46,951","47,192","94,143",5,41,46,"46,951","47,192","94,143","46,904","47,081","93,985",-47,-111,-158,"46,904","47,081","93,985","46,912","47,056","93,968",8,-25,-17,"46,912","47,056","93,968","46,863","47,038","93,901",-49,-18,-67,"46,863","47,038","93,901","46,846","47,069","93,915",-17,31,14,"46,846","47,069","93,915","46,959","47,240","94,199",113,171,284,"46,959","47,240","94,199","47,038","47,315","94,353",79,75,154,"47,038","47,315","94,353","47,077","47,366","94,443",39,51,90,"47,077","47,366","94,443","47,005","47,313","94,318",-72,-53,-125,"47,005","47,313","94,318","46,621","46,730","93,351",-384,-583,-967,"46,621","46,730","93,351","46,610","46,679","93,289",-11,-51,-62,"46,610","46,679","93,289","46,606","46,686","93,292",-4,7,3,"46,606","46,686","93,292","46,626","46,728","93,354",20,42,62,"46,626","46,728","93,354","46,675","46,772","93,447",49,44,93,"46,675","46,772","93,447","46,627","46,787","93,414",-48,15,-33,"46,627","46,787","93,414","46,661","46,818","93,479",34,31,65
경기도 안산시 (4127000000),"336,414","319,484","655,898","335,716","318,952","654,668",-698,-532,"-1,230","335,716","318,952","654,668","334,753","318,082","652,835",-963,-870,"-1,833","334,753","318,082","652,835","334,206","317,571","651,777",-547,-511,"-1,058","334,206","317,571","651,777","333,766","317,152","650,918",-440,-419,-859,"333,766","317,152","650,918","333,471","317,088","650,559",-295,-64,-359,"333,471","317,088","650,559","333,839","317,372","651,211",368,284,652,"333,839","317,372","651,211","334,625","318,138","652,763",786,766,"1,552","334,625","318,138","652,763","335,033","318,542","653,575",408,404,812,"335,033","318,542","653,575","335,253","318,794","654,047",220,252,472,"335,253","318,794","654,047","335,477","318,973","654,450",224,179,403,"335,477","318,973","654,450","335,259","318,834","654,093",-218,-139,-357,"335,259","318,834","654,093","335,082","318,651","653,733",-177,-183,-360,"335,082","318,651","653,733","334,987","318,518","653,505",-95,-133,-228,"334,987","318,518","653,505","334,914","318,469","653,383",-73,-49,-122,"334,914","318,469","653,383","335,365","318,845","654,210",451,376,827,"335,365","318,845","654,210","335,804","319,111","654,915",439,266,705,"335,804","319,111","654,915","336,265","319,468","655,733",461,357,818,"336,265","319,468","655,733","336,325","319,375","655,700",60,-93,-33,"336,325","319,375","655,700","336,542","319,317","655,859",217,-58,159,"336,542","319,317","655,859","336,479","319,337","655,816",-63,20,-43,"336,479","319,337","655,816","336,303","319,252","655,555",-176,-85,-261,"336,303","319,252","655,555","336,051","319,064","655,115",-252,-188,-440,"336,051","319,064","655,115","335,750","318,928","654,678",-301,-136,-437,"335,750","318,928","654,678","335,701","318,776","654,477",-49,-152,-201,"335,701","318,776","654,477","335,574","318,696","654,270",-127,-80,-207
경기도 안산시 상록구 (4127100000),"178,005","170,955","348,960","177,324","170,338","347,662",-681,-617,"-1,298","177,324","170,338","347,662","176,595","169,648","346,243",-729,-690,"-1,419","176,595","169,648","346,243","176,144","169,207","345,351",-451,-441,-892,"176,144","169,207","345,351","175,789","168,824","344,613",-355,-383,-738,"175,789","168,824","344,613","175,550","168,695","344,245",-239,-129,-368,"175,550","168,695","344,245","175,761","168,924","344,685",211,229,440,"175,761","168,924","344,685","177,110","170,224","347,334","1,349","1,300","2,649","177,110","170,224","347,334","177,678","170,834","348,512",568,610,"1,178","177,678","170,834","348,512","178,049","171,181","349,230",371,347,718,"178,049","171,181","349,230","178,205","171,309","349,514",156,128,284,"178,205","171,309","349,514","178,010","171,179","349,189",-195,-130,-325,"178,010","171,179","349,189","177,865","171,033","348,898",-145,-146,-291,"177,865","171,033","348,898","177,767","170,868","348,635",-98,-165,-263,"177,767","170,868","348,635","177,584","170,681","348,265",-183,-187,-370,"177,584","170,681","348,265","178,646","171,696","350,342","1,062","1,015","2,077","178,646","171,696","350,342","179,452","172,436","351,888",806,740,"1,546","179,452","172,436","351,888","180,008","172,889","352,897",556,453,"1,009","180,008","172,889","352,897","180,089","172,873","352,962",81,-16,65,"180,089","172,873","352,962","180,441","173,067","353,508",352,194,546,"180,441","173,067","353,508","180,526","173,176","353,702",85,109,194,"180,526","173,176","353,702","180,419","173,156","353,575",-107,-20,-127,"180,419","173,156","353,575","180,215","172,959","353,174",-204,-197,-401,"180,215","172,959","353,174","180,042","172,856","352,898",-173,-103,-276,"180,042","172,856","352,898","179,726","172,440","352,166",-316,-416,-732,"179,726","172,440","352,166","179,537","172,263","351,800",-189,-177,-366
경기도 안산시 단원구 (4127300000),"158,409","148,529","306,938","158,392","148,614","307,006",-17,85,68,"158,392","148,614","307,006","158,158","148,434","306,592",-234,-180,-414,"158,158","148,434","306,592","158,062","148,364","306,426",-96,-70,-166,"158,062","148,364","306,426","157,977","148,328","306,305",-85,-36,-121,"157,977","148,328","306,305","157,921","148,393","306,314",-56,65,9,"157,921","148,393","306,314","158,078","148,448","306,526",157,55,212,"158,078","148,448","306,526","157,515","147,914","305,429",-563,-534,"-1,097","157,515","147,914","305,429","157,355","147,708","305,063",-160,-206,-366,"157,355","147,708","305,063","157,204","147,613","304,817",-151,-95,-246,"157,204","147,613","304,817","157,272","147,664","304,936",68,51,119,"157,272","147,664","304,936","157,249","147,655","304,904",-23,-9,-32,"157,249","147,655","304,904","157,217","147,618","304,835",-32,-37,-69,"157,217","147,618","304,835","157,220","147,650","304,870",3,32,35,"157,220","147,650","304,870","157,330","147,788","305,118",110,138,248,"157,330","147,788","305,118","156,719","147,149","303,868",-611,-639,"-1,250","156,719","147,149","303,868","156,352","146,675","303,027",-367,-474,-841,"156,352","146,675","303,027","156,257","146,579","302,836",-95,-96,-191,"156,257","146,579","302,836","156,236","146,502","302,738",-21,-77,-98,"156,236","146,502","302,738","156,101","146,250","302,351",-135,-252,-387,"156,101","146,250","302,351","155,953","146,161","302,114",-148,-89,-237,"155,953","146,161","302,114","155,884","146,096","301,980",-69,-65,-134,"155,884","146,096","301,980","155,836","146,105","301,941",-48,9,-39,"155,836","146,105","301,941","155,708","146,072","301,780",-128,-33,-161,"155,708","146,072","301,780","155,975","146,336","302,311",267,264,531,"155,975","146,336","302,311","156,037","146,433","302,470",62,97,159
경기도 고양시 (4128000000),"517,685","538,188","1,055,873","519,410","539,930","1,059,340","1,725","1,742","3,467","519,410","539,930","1,059,340","520,659","541,270","1,061,929","1,249","1,340","2,589","520,659","541,270","1,061,929","521,818","542,400","1,064,218","1,159","1,130","2,289","521,818","542,400","1,064,218","522,749","543,602","1,066,351",931,"1,202","2,133","522,749","543,602","1,066,351","523,803","544,838","1,068,641","1,054","1,236","2,290","523,803","544,838","1,068,641","524,883","546,119","1,071,002","1,080","1,281","2,361","524,883","546,119","1,071,002","525,756","547,153","1,072,909",873,"1,034","1,907","525,756","547,153","1,072,909","526,681","548,172","1,074,853",925,"1,019","1,944","526,681","548,172","1,074,853","527,304","548,875","1,076,179",623,703,"1,326","527,304","548,875","1,076,179","527,663","549,333","1,076,996",359,458,817,"527,663","549,333","1,076,996","527,701","549,646","1,077,347",38,313,351,"527,701","549,646","1,077,347","527,215","549,191","1,076,406",-486,-455,-941,"527,215","549,191","1,076,406","526,928","548,913","1,075,841",-287,-278,-565,"526,928","548,913","1,075,841","527,169","549,395","1,076,564",241,482,723,"527,169","549,395","1,076,564","527,834","550,213","1,078,047",665,818,"1,483","527,834","550,213","1,078,047","528,480","550,736","1,079,216",646,523,"1,169","528,480","550,736","1,079,216","529,378","551,797","1,081,175",898,"1,061","1,959","529,378","551,797","1,081,175","529,886","552,534","1,082,420",508,737,"1,245","529,886","552,534","1,082,420","529,227","551,618","1,080,845",-659,-916,"-1,575","529,227","551,618","1,080,845","529,062","551,674","1,080,736",-165,56,-109,"529,062","551,674","1,080,736","529,030","551,626","1,080,656",-32,-48,-80,"529,030","551,626","1,080,656","528,924","551,583","1,080,507",-106,-43,-149,"528,924","551,583","1,080,507","529,135","551,910","1,081,045",211,327,538,"529,135","551,910","1,081,045","528,972","551,924","1,080,896",-163,14,-149,"528,972","551,924","1,080,896","528,911","551,876","1,080,787",-61,-48,-109
경기도 고양시 덕양구 (4128100000),"227,508","231,787","459,295","228,946","233,193","462,139","1,438","1,406","2,844","228,946","233,193","462,139","229,626","234,017","463,643",680,824,"1,504","229,626","234,017","463,643","230,171","234,462","464,633",545,445,990,"230,171","234,462","464,633","230,858","235,299","466,157",687,837,"1,524","230,858","235,299","466,157","231,540","236,133","467,673",682,834,"1,516","231,540","236,133","467,673","232,485","237,186","469,671",945,"1,053","1,998","232,485","237,186","469,671","233,101","237,938","471,039",616,752,"1,368","233,101","237,938","471,039","233,744","238,723","472,467",643,785,"1,428","233,744","238,723","472,467","234,171","239,151","473,322",427,428,855,"234,171","239,151","473,322","234,384","239,428","473,812",213,277,490,"234,384","239,428","473,812","234,514","239,604","474,118",130,176,306,"234,514","239,604","474,118","234,249","239,440","473,689",-265,-164,-429,"234,249","239,440","473,689","234,209","239,385","473,594",-40,-55,-95,"234,209","239,385","473,594","234,680","239,978","474,658",471,593,"1,064","234,680","239,978","474,658","235,485","240,856","476,341",805,878,"1,683","235,485","240,856","476,341","235,773","241,189","476,962",288,333,621,"235,773","241,189","476,962","236,307","241,840","478,147",534,651,"1,185","236,307","241,840","478,147","236,862","242,533","479,395",555,693,"1,248","236,862","242,533","479,395","236,865","242,458","479,323",3,-75,-72,"236,865","242,458","479,323","237,074","242,754","479,828",209,296,505,"237,074","242,754","479,828","237,211","242,945","480,156",137,191,328,"237,211","242,945","480,156","237,312","243,074","480,386",101,129,230,"237,312","243,074","480,386","237,593","243,460","481,053",281,386,667,"237,593","243,460","481,053","237,826","243,815","481,641",233,355,588,"237,826","243,815","481,641","237,936","243,954","481,890",110,139,249
경기도 고양시 일산동구 (4128500000),"143,094","150,710","293,804","143,533","151,135","294,668",439,425,864,"143,533","151,135","294,668","144,231","151,801","296,032",698,666,"1,364","144,231","151,801","296,032","144,700","152,327","297,027",469,526,995,"144,700","152,327","297,027","144,991","152,680","297,671",291,353,644,"144,991","152,680","297,671","145,190","152,903","298,093",199,223,422,"145,190","152,903","298,093","145,363","153,082","298,445",173,179,352,"145,363","153,082","298,445","145,533","153,330","298,863",170,248,418,"145,533","153,330","298,863","145,716","153,560","299,276",183,230,413,"145,716","153,560","299,276","145,689","153,613","299,302",-27,53,26,"145,689","153,613","299,302","145,711","153,612","299,323",22,-1,21,"145,711","153,612","299,323","145,684","153,644","299,328",-27,32,5,"145,684","153,644","299,328","145,582","153,556","299,138",-102,-88,-190,"145,582","153,556","299,138","145,462","153,439","298,901",-120,-117,-237,"145,462","153,439","298,901","145,358","153,368","298,726",-104,-71,-175,"145,358","153,368","298,726","145,341","153,384","298,725",-17,16,-1,"145,341","153,384","298,725","145,874","153,842","299,716",533,458,991,"145,874","153,842","299,716","146,316","154,349","300,665",442,507,949,"146,316","154,349","300,665","146,365","154,485","300,850",49,136,185,"146,365","154,485","300,850","146,157","154,193","300,350",-208,-292,-500,"146,157","154,193","300,350","146,147","154,260","300,407",-10,67,57,"146,147","154,260","300,407","146,195","154,242","300,437",48,-18,30,"146,195","154,242","300,437","146,160","154,166","300,326",-35,-76,-111,"146,160","154,166","300,326","146,087","154,145","300,232",-73,-21,-94,"146,087","154,145","300,232","145,977","154,008","299,985",-110,-137,-247,"145,977","154,008","299,985","145,945","153,983","299,928",-32,-25,-57
경기도 고양시 일산서구 (4128700000),"147,083","155,691","302,774","146,931","155,602","302,533",-152,-89,-241,"146,931","155,602","302,533","146,802","155,452","302,254",-129,-150,-279,"146,802","155,452","302,254","146,947","155,611","302,558",145,159,304,"146,947","155,611","302,558","146,900","155,623","302,523",-47,12,-35,"146,900","155,623","302,523","147,073","155,802","302,875",173,179,352,"147,073","155,802","302,875","147,035","155,851","302,886",-38,49,11,"147,035","155,851","302,886","147,122","155,885","303,007",87,34,121,"147,122","155,885","303,007","147,221","155,889","303,110",99,4,103,"147,221","155,889","303,110","147,444","156,111","303,555",223,222,445,"147,444","156,111","303,555","147,568","156,293","303,861",124,182,306,"147,568","156,293","303,861","147,503","156,398","303,901",-65,105,40,"147,503","156,398","303,901","147,384","156,195","303,579",-119,-203,-322,"147,384","156,195","303,579","147,257","156,089","303,346",-127,-106,-233,"147,257","156,089","303,346","147,131","156,049","303,180",-126,-40,-166,"147,131","156,049","303,180","147,008","155,973","302,981",-123,-76,-199,"147,008","155,973","302,981","146,833","155,705","302,538",-175,-268,-443,"146,833","155,705","302,538","146,755","155,608","302,363",-78,-97,-175,"146,755","155,608","302,363","146,659","155,516","302,175",-96,-92,-188,"146,659","155,516","302,175","146,205","154,967","301,172",-454,-549,"-1,003","146,205","154,967","301,172","145,841","154,660","300,501",-364,-307,-671,"145,841","154,660","300,501","145,624","154,439","300,063",-217,-221,-438,"145,624","154,439","300,063","145,452","154,343","299,795",-172,-96,-268,"145,452","154,343","299,795","145,455","154,305","299,760",3,-38,-35,"145,455","154,305","299,760","145,169","154,101","299,270",-286,-204,-490,"145,169","154,101","299,270","145,030","153,939","298,969",-139,-162,-301
경기도 과천시 (4129000000),"28,457","29,579","58,036","28,494","29,549","58,043",37,-30,7,"28,494","29,549","58,043","28,482","29,515","57,997",-12,-34,-46,"28,482","29,515","57,997","28,541","29,566","58,107",59,51,110,"28,541","29,566","58,107","28,638","29,651","58,289",97,85,182,"28,638","29,651","58,289","28,650","29,684","58,334",12,33,45,"28,650","29,684","58,334","28,616","29,637","58,253",-34,-47,-81,"28,616","29,637","58,253","28,633","29,647","58,280",17,10,27,"28,633","29,647","58,280","29,341","30,346","59,687",708,699,"1,407","29,341","30,346","59,687","29,872","30,918","60,790",531,572,"1,103","29,872","30,918","60,790","30,125","31,184","61,309",253,266,519,"30,125","31,184","61,309","30,296","31,421","61,717",171,237,408,"30,296","31,421","61,717","30,374","31,528","61,902",78,107,185,"30,374","31,528","61,902","30,431","31,551","61,982",57,23,80,"30,431","31,551","61,982","30,459","31,552","62,011",28,1,29,"30,459","31,552","62,011","30,466","31,560","62,026",7,8,15,"30,466","31,560","62,026","31,068","32,163","63,231",602,603,"1,205","31,068","32,163","63,231","31,675","32,874","64,549",607,711,"1,318","31,675","32,874","64,549","33,019","34,260","67,279","1,344","1,386","2,730","33,019","34,260","67,279","33,581","34,818","68,399",562,558,"1,120","33,581","34,818","68,399","33,846","35,109","68,955",265,291,556,"33,846","35,109","68,955","33,887","35,140","69,027",41,31,72,"33,887","35,140","69,027","34,036","35,240","69,276",149,100,249,"34,036","35,240","69,276","34,151","35,358","69,509",115,118,233,"34,151","35,358","69,509","34,223","35,417","69,640",72,59,131,"34,223","35,417","69,640","34,275","35,457","69,732",52,40,92
경기도 구리시 (4131000000),"99,430","100,775","200,205","99,123","100,472","199,595",-307,-303,-610,"99,123","100,472","199,595","98,926","100,313","199,239",-197,-159,-356,"98,926","100,313","199,239","98,985","100,274","199,259",59,-39,20,"98,985","100,274","199,259","98,968","100,297","199,265",-17,23,6,"98,968","100,297","199,265","98,858","100,157","199,015",-110,-140,-250,"98,858","100,157","199,015","98,807","100,114","198,921",-51,-43,-94,"98,807","100,114","198,921","98,873","100,226","199,099",66,112,178,"98,873","100,226","199,099","98,816","100,202","199,018",-57,-24,-81,"98,816","100,202","199,018","98,734","100,149","198,883",-82,-53,-135,"98,734","100,149","198,883","98,503","99,958","198,461",-231,-191,-422,"98,503","99,958","198,461","98,386","99,826","198,212",-117,-132,-249,"98,386","99,826","198,212","98,262","99,627","197,889",-124,-199,-323,"98,262","99,627","197,889","98,260","99,714","197,974",-2,87,85,"98,260","99,714","197,974","98,145","99,636","197,781",-115,-78,-193,"98,145","99,636","197,781","98,033","99,575","197,608",-112,-61,-173,"98,033","99,575","197,608","97,939","99,515","197,454",-94,-60,-154,"97,939","99,515","197,454","97,836","99,381","197,217",-103,-134,-237,"97,836","99,381","197,217","97,601","99,084","196,685",-235,-297,-532,"97,601","99,084","196,685","97,184","98,620","195,804",-417,-464,-881,"97,184","98,620","195,804","96,900","98,424","195,324",-284,-196,-480,"96,900","98,424","195,324","96,640","98,198","194,838",-260,-226,-486,"96,640","98,198","194,838","96,457","97,932","194,389",-183,-266,-449,"96,457","97,932","194,389","96,227","97,727","193,954",-230,-205,-435,"96,227","97,727","193,954","96,074","97,588","193,662",-153,-139,-292,"96,074","97,588","193,662","95,966","97,444","193,410",-108,-144,-252
경기도 남양주시 (4136000000),"347,547","349,678","697,225","348,496","350,830","699,326",949,"1,152","2,101","348,496","350,830","699,326","349,141","351,457","700,598",645,627,"1,272","349,141","351,457","700,598","349,286","351,805","701,091",145,348,493,"349,286","351,805","701,091","349,664","352,166","701,830",378,361,739,"349,664","352,166","701,830","350,058","352,487","702,545",394,321,715,"350,058","352,487","702,545","350,840","353,332","704,172",782,845,"1,627","350,840","353,332","704,172","351,413","353,851","705,264",573,519,"1,092","351,413","353,851","705,264","351,837","354,232","706,069",424,381,805,"351,837","354,232","706,069","351,990","354,454","706,444",153,222,375,"351,990","354,454","706,444","352,439","355,046","707,485",449,592,"1,041","352,439","355,046","707,485","353,217","356,030","709,247",778,984,"1,762","353,217","356,030","709,247","353,465","356,416","709,881",248,386,634,"353,465","356,416","709,881","353,701","356,732","710,433",236,316,552,"353,701","356,732","710,433","354,477","357,338","711,815",776,606,"1,382","354,477","357,338","711,815","355,027","357,873","712,900",550,535,"1,085","355,027","357,873","712,900","355,197","358,124","713,321",170,251,421,"355,197","358,124","713,321","355,980","358,842","714,822",783,718,"1,501","355,980","358,842","714,822","357,710","360,724","718,434","1,730","1,882","3,612","357,710","360,724","718,434","358,682","361,600","720,282",972,876,"1,848","358,682","361,600","720,282","359,354","362,413","721,767",672,813,"1,485","359,354","362,413","721,767","360,076","363,139","723,215",722,726,"1,448","360,076","363,139","723,215","360,473","363,710","724,183",397,571,968,"360,473","363,710","724,183","360,803","364,228","725,031",330,518,848,"360,803","364,228","725,031","361,913","365,308","727,221","1,110","1,080","2,190","361,913","365,308","727,221","362,614","366,050","728,664",701,742,"1,443"
경기도 오산시 (4137000000),"114,441","107,228","221,669","115,127","107,854","222,981",686,626,"1,312","115,127","107,854","222,981","115,730","108,383","224,113",603,529,"1,132","115,730","108,383","224,113","116,401","109,045","225,446",671,662,"1,333","116,401","109,045","225,446","116,904","109,475","226,379",503,430,933,"116,904","109,475","226,379","117,148","109,588","226,736",244,113,357,"117,148","109,588","226,736","117,239","109,661","226,900",91,73,164,"117,239","109,661","226,900","117,359","109,753","227,112",120,92,212,"117,359","109,753","227,112","117,610","109,940","227,550",251,187,438,"117,610","109,940","227,550","117,796","109,953","227,749",186,13,199,"117,796","109,953","227,749","117,949","110,162","228,111",153,209,362,"117,949","110,162","228,111","118,057","110,266","228,323",108,104,212,"118,057","110,266","228,323","118,304","110,464","228,768",247,198,445,"118,304","110,464","228,768","118,568","110,681","229,249",264,217,481,"118,568","110,681","229,249","118,665","110,759","229,424",97,78,175,"118,665","110,759","229,424","118,706","110,885","229,591",41,126,167,"118,706","110,885","229,591","118,785","110,940","229,725",79,55,134,"118,785","110,940","229,725","118,964","111,078","230,042",179,138,317,"118,964","111,078","230,042","119,237","111,285","230,522",273,207,480,"119,237","111,285","230,522","119,343","111,261","230,604",106,-24,82,"119,343","111,261","230,604","119,513","111,256","230,769",170,-5,165,"119,513","111,256","230,769","119,532","111,170","230,702",19,-86,-67,"119,532","111,170","230,702","119,561","111,144","230,705",29,-26,3,"119,561","111,144","230,705","119,588","111,069","230,657",27,-75,-48,"119,588","111,069","230,657","119,590","110,965","230,555",2,-104,-102,"119,590","110,965","230,555","119,558","110,837","230,395",-32,-128,-160
경기도 시흥시 (4139000000),"244,379","222,583","466,962","245,091","223,183","468,274",712,600,"1,312","245,091","223,183","468,274","246,360","224,399","470,759","1,269","1,216","2,485","246,360","224,399","470,759","247,082","225,080","472,162",722,681,"1,403","247,082","225,080","472,162","247,804","225,878","473,682",722,798,"1,520","247,804","225,878","473,682","248,693","226,703","475,396",889,825,"1,714","248,693","226,703","475,396","249,307","227,174","476,481",614,471,"1,085","249,307","227,174","476,481","249,786","227,639","477,425",479,465,944,"249,786","227,639","477,425","250,312","228,152","478,464",526,513,"1,039","250,312","228,152","478,464","250,780","228,588","479,368",468,436,904,"250,780","228,588","479,368","251,904","229,526","481,430","1,124",938,"2,062","251,904","229,526","481,430","253,293","230,871","484,164","1,389","1,345","2,734","253,293","230,871","484,164","255,745","233,332","489,077","2,452","2,461","4,913","255,745","233,332","489,077","257,762","235,243","493,005","2,017","1,911","3,928","257,762","235,243","493,005","258,939","236,452","495,391","1,177","1,209","2,386","258,939","236,452","495,391","260,233","237,692","497,925","1,294","1,240","2,534","260,233","237,692","497,925","261,730","239,165","500,895","1,497","1,473","2,970","261,730","239,165","500,895","263,749","241,186","504,935","2,019","2,021","4,040","263,749","241,186","504,935","265,172","242,509","507,681","1,423","1,323","2,746","265,172","242,509","507,681","265,947","243,168","509,115",775,659,"1,434","265,947","243,168","509,115","266,410","243,688","510,098",463,520,983,"266,410","243,688","510,098","266,839","243,994","510,833",429,306,735,"266,839","243,994","510,833","267,078","244,236","511,314",239,242,481,"267,078","244,236","511,314","267,186","244,561","511,747",108,325,433,"267,186","244,561","511,747","267,236","244,571","511,807",50,10,60,"267,236","244,571","511,807","267,334","244,566","511,900",98,-5,93
경기도 군포시 (4141000000),"136,165","138,330","274,495","136,269","138,398","274,667",104,68,172,"136,269","138,398","274,667","136,439","138,690","275,129",170,292,462,"136,439","138,690","275,129","136,666","138,880","275,546",227,190,417,"136,666","138,880","275,546","136,878","138,974","275,852",212,94,306,"136,878","138,974","275,852","136,990","138,999","275,989",112,25,137,"136,990","138,999","275,989","136,998","138,859","275,857",8,-140,-132,"136,998","138,859","275,857","137,040","138,920","275,960",42,61,103,"137,040","138,920","275,960","137,034","138,920","275,954",-6,0,-6,"137,034","138,920","275,954","137,001","138,901","275,902",-33,-19,-52,"137,001","138,901","275,902","137,037","139,002","276,039",36,101,137,"137,037","139,002","276,039","137,053","138,942","275,995",16,-60,-44,"137,053","138,942","275,995","136,823","138,685","275,508",-230,-257,-487,"136,823","138,685","275,508","136,530","138,455","274,985",-293,-230,-523,"136,530","138,455","274,985","136,329","138,291","274,620",-201,-164,-365,"136,329","138,291","274,620","136,130","138,179","274,309",-199,-112,-311,"136,130","138,179","274,309","135,834","137,957","273,791",-296,-222,-518,"135,834","137,957","273,791","135,726","137,816","273,542",-108,-141,-249,"135,726","137,816","273,542","135,192","137,341","272,533",-534,-475,"-1,009","135,192","137,341","272,533","134,603","136,789","271,392",-589,-552,"-1,141","134,603","136,789","271,392","134,427","136,580","271,007",-176,-209,-385,"134,427","136,580","271,007","134,288","136,466","270,754",-139,-114,-253,"134,288","136,466","270,754","134,167","136,417","270,584",-121,-49,-170,"134,167","136,417","270,584","133,999","136,294","270,293",-168,-123,-291,"133,999","136,294","270,293","133,758","135,994","269,752",-241,-300,-541,"133,758","135,994","269,752","133,641","135,866","269,507",-117,-128,-245
경기도 의왕시 (4143000000),"79,738","79,982","159,720","79,838","80,073","159,911",100,91,191,"79,838","80,073","159,911","79,833","80,190","160,023",-5,117,112,"79,833","80,190","160,023","79,843","80,202","160,045",10,12,22,"79,843","80,202","160,045","80,353","80,800","161,153",510,598,"1,108","80,353","80,800","161,153","80,957","81,515","162,472",604,715,"1,319","80,957","81,515","162,472","81,709","82,273","163,982",752,758,"1,510","81,709","82,273","163,982","82,016","82,586","164,602",307,313,620,"82,016","82,586","164,602","82,049","82,652","164,701",33,66,99,"82,049","82,652","164,701","81,782","82,368","164,150",-267,-284,-551,"81,782","82,368","164,150","81,480","82,142","163,622",-302,-226,-528,"81,480","82,142","163,622","81,175","81,874","163,049",-305,-268,-573,"81,175","81,874","163,049","81,006","81,745","162,751",-169,-129,-298,"81,006","81,745","162,751","81,504","82,216","163,720",498,471,969,"81,504","82,216","163,720","81,603","82,357","163,960",99,141,240,"81,603","82,357","163,960","81,584","82,394","163,978",-19,37,18,"81,584","82,394","163,978","81,470","82,325","163,795",-114,-69,-183,"81,470","82,325","163,795","81,379","82,206","163,585",-91,-119,-210,"81,379","82,206","163,585","81,175","82,033","163,208",-204,-173,-377,"81,175","82,033","163,208","80,839","81,604","162,443",-336,-429,-765,"80,839","81,604","162,443","80,714","81,513","162,227",-125,-91,-216,"80,714","81,513","162,227","80,710","81,529","162,239",-4,16,12,"80,710","81,529","162,239","80,667","81,548","162,215",-43,19,-24,"80,667","81,548","162,215","81,009","81,916","162,925",342,368,710,"81,009","81,916","162,925","81,300","82,210","163,510",291,294,585,"81,300","82,210","163,510","81,403","82,312","163,715",103,102,205
경기도 하남시 (4145000000),"134,903","133,283","268,186","135,623","133,916","269,539",720,633,"1,353","135,623","133,916","269,539","136,052","134,443","270,495",429,527,956,"136,052","134,443","270,495","136,553","135,021","271,574",501,578,"1,079","136,553","135,021","271,574","136,985","135,470","272,455",432,449,881,"136,985","135,470","272,455","137,533","136,054","273,587",548,584,"1,132","137,533","136,054","273,587","138,362","137,022","275,384",829,968,"1,797","138,362","137,022","275,384","139,324","138,107","277,431",962,"1,085","2,047","139,324","138,107","277,431","140,443","139,178","279,621","1,119","1,071","2,190","140,443","139,178","279,621","141,301","140,039","281,340",858,861,"1,719","141,301","140,039","281,340","142,312","140,944","283,256","1,011",905,"1,916","142,312","140,944","283,256","142,973","141,534","284,507",661,590,"1,251","142,973","141,534","284,507","143,555","142,138","285,693",582,604,"1,186","143,555","142,138","285,693","144,433","143,019","287,452",878,881,"1,759","144,433","143,019","287,452","145,167","143,755","288,922",734,736,"1,470","145,167","143,755","288,922","146,255","144,820","291,075","1,088","1,065","2,153","146,255","144,820","291,075","147,424","146,028","293,452","1,169","1,208","2,377","147,424","146,028","293,452","148,229","146,893","295,122",805,865,"1,670","148,229","146,893","295,122","149,595","148,410","298,005","1,366","1,517","2,883","149,595","148,410","298,005","150,678","149,509","300,187","1,083","1,099","2,182","150,678","149,509","300,187","151,429","150,372","301,801",751,863,"1,614","151,429","150,372","301,801","151,874","150,807","302,681",445,435,880,"151,874","150,807","302,681","153,427","152,481","305,908","1,553","1,674","3,227","153,427","152,481","305,908","154,574","153,816","308,390","1,147","1,335","2,482","154,574","153,816","308,390","155,478","154,887","310,365",904,"1,071","1,975","155,478","154,887","310,365","156,333","155,826","312,159",855,939,"1,794"
경기도 용인시 (4146000000),"524,485","530,504","1,054,989","524,635","530,881","1,055,516",150,377,527,"524,635","530,881","1,055,516","525,254","531,832","1,057,086",619,951,"1,570","525,254","531,832","1,057,086","525,224","532,671","1,057,895",-30,839,809,"525,224","532,671","1,057,895","525,946","533,663","1,059,609",722,992,"1,714","525,946","533,663","1,059,609","526,823","534,617","1,061,440",877,954,"1,831","526,823","534,617","1,061,440","527,799","535,851","1,063,650",976,"1,234","2,210","527,799","535,851","1,063,650","528,764","536,849","1,065,613",965,998,"1,963","528,764","536,849","1,065,613","530,251","538,268","1,068,519","1,487","1,419","2,906","530,251","538,268","1,068,519","531,727","539,260","1,070,987","1,476",992,"2,468","531,727","539,260","1,070,987","532,935","540,180","1,073,115","1,208",920,"2,128","532,935","540,180","1,073,115","533,772","541,196","1,074,968",837,"1,016","1,853","533,772","541,196","1,074,968","534,140","541,519","1,075,659",368,323,691,"534,140","541,519","1,075,659","534,153","541,544","1,075,697",13,25,38,"534,153","541,544","1,075,697","533,921","541,569","1,075,490",-232,25,-207,"533,921","541,569","1,075,490","533,488","541,302","1,074,790",-433,-267,-700,"533,488","541,302","1,074,790","532,847","541,329","1,074,176",-641,27,-614,"532,847","541,329","1,074,176","533,222","541,823","1,075,045",375,494,869,"533,222","541,823","1,075,045","533,604","542,314","1,075,918",382,491,873,"533,604","542,314","1,075,918","533,356","542,065","1,075,421",-248,-249,-497,"533,356","542,065","1,075,421","534,238","542,535","1,076,773",882,470,"1,352","534,238","542,535","1,076,773","534,842","542,859","1,077,701",604,324,928,"534,842","542,859","1,077,701","534,946","542,880","1,077,826",104,21,125,"534,946","542,880","1,077,826","535,521","543,528","1,079,049",575,648,"1,223","535,521","543,528","1,079,049","536,223","544,102","1,080,325",702,574,"1,276","536,223","544,102","1,080,325","535,936","544,091","1,080,027",-287,-11,-298
경기도 용인시 처인구 (4146100000),"131,708","124,379","256,087","131,552","124,348","255,900",-156,-31,-187,"131,552","124,348","255,900","131,183","124,243","255,426",-369,-105,-474,"131,183","124,243","255,426","130,333","124,019","254,352",-850,-224,"-1,074","130,333","124,019","254,352","130,034","123,862","253,896",-299,-157,-456,"130,034","123,862","253,896","130,032","123,864","253,896",-2,2,0,"130,032","123,864","253,896","130,142","123,840","253,982",110,-24,86,"130,142","123,840","253,982","130,255","123,961","254,216",113,121,234,"130,255","123,961","254,216","130,446","124,037","254,483",191,76,267,"130,446","124,037","254,483","131,298","124,431","255,729",852,394,"1,246","131,298","124,431","255,729","132,115","124,803","256,918",817,372,"1,189","132,115","124,803","256,918","132,481","125,251","257,732",366,448,814,"132,481","125,251","257,732","132,798","125,493","258,291",317,242,559,"132,798","125,493","258,291","132,853","125,602","258,455",55,109,164,"132,853","125,602","258,455","132,715","125,640","258,355",-138,38,-100,"132,715","125,640","258,355","132,516","125,563","258,079",-199,-77,-276,"132,516","125,563","258,079","131,974","125,524","257,498",-542,-39,-581,"131,974","125,524","257,498","132,112","125,661","257,773",138,137,275,"132,112","125,661","257,773","132,193","125,872","258,065",81,211,292,"132,193","125,872","258,065","132,245","125,885","258,130",52,13,65,"132,245","125,885","258,130","133,193","126,252","259,445",948,367,"1,315","133,193","126,252","259,445","133,761","126,637","260,398",568,385,953,"133,761","126,637","260,398","134,045","126,832","260,877",284,195,479,"134,045","126,832","260,877","134,410","127,072","261,482",365,240,605,"134,410","127,072","261,482","134,681","127,349","262,030",271,277,548,"134,681","127,349","262,030","134,369","127,184","261,553",-312,-165,-477
경기도 용인시 기흥구 (4146300000),"215,355","219,961","435,316","214,924","219,548","434,472",-431,-413,-844,"214,924","219,548","434,472","215,122","219,862","434,984",198,314,512,"215,122","219,862","434,984","215,339","220,310","435,649",217,448,665,"215,339","220,310","435,649","215,796","220,883","436,679",457,573,"1,030","215,796","220,883","436,679","215,981","221,165","437,146",185,282,467,"215,981","221,165","437,146","216,261","221,550","437,811",280,385,665,"216,261","221,550","437,811","216,733","222,057","438,790",472,507,979,"216,733","222,057","438,790","217,252","222,473","439,725",519,416,935,"217,252","222,473","439,725","217,566","222,708","440,274",314,235,549,"217,566","222,708","440,274","217,823","223,008","440,831",257,300,557,"217,823","223,008","440,831","217,948","223,242","441,190",125,234,359,"217,948","223,242","441,190","217,948","223,161","441,109",0,-81,-81,"217,948","223,161","441,109","217,828","223,095","440,923",-120,-66,-186,"217,828","223,095","440,923","217,772","223,054","440,826",-56,-41,-97,"217,772","223,054","440,826","217,694","223,070","440,764",-78,16,-62,"217,694","223,070","440,764","217,663","223,172","440,835",-31,102,71,"217,663","223,172","440,835","217,700","223,240","440,940",37,68,105,"217,700","223,240","440,940","217,511","223,138","440,649",-189,-102,-291,"217,511","223,138","440,649","217,273","222,891","440,164",-238,-247,-485,"217,273","222,891","440,164","217,098","222,824","439,922",-175,-67,-242,"217,098","222,824","439,922","217,184","222,769","439,953",86,-55,31,"217,184","222,769","439,953","217,094","222,697","439,791",-90,-72,-162,"217,094","222,697","439,791","217,479","223,151","440,630",385,454,839,"217,479","223,151","440,630","217,896","223,479","441,375",417,328,745,"217,896","223,479","441,375","218,135","223,825","441,960",239,346,585
경기도 용인시 수지구 (4146500000),"177,422","186,164","363,586","178,159","186,985","365,144",737,821,"1,558","178,159","186,985","365,144","178,949","187,727","366,676",790,742,"1,532","178,949","187,727","366,676","179,552","188,342","367,894",603,615,"1,218","179,552","188,342","367,894","180,116","188,918","369,034",564,576,"1,140","180,116","188,918","369,034","180,810","189,588","370,398",694,670,"1,364","180,810","189,588","370,398","181,396","190,461","371,857",586,873,"1,459","181,396","190,461","371,857","181,776","190,831","372,607",380,370,750,"181,776","190,831","372,607","182,553","191,758","374,311",777,927,"1,704","182,553","191,758","374,311","182,863","192,121","374,984",310,363,673,"182,863","192,121","374,984","182,997","192,369","375,366",134,248,382,"182,997","192,369","375,366","183,343","192,703","376,046",346,334,680,"183,343","192,703","376,046","183,394","192,865","376,259",51,162,213,"183,394","192,865","376,259","183,472","192,847","376,319",78,-18,60,"183,472","192,847","376,319","183,434","192,875","376,309",-38,28,-10,"183,434","192,875","376,309","183,278","192,669","375,947",-156,-206,-362,"183,278","192,669","375,947","183,210","192,633","375,843",-68,-36,-104,"183,210","192,633","375,843","183,410","192,922","376,332",200,289,489,"183,410","192,922","376,332","183,900","193,304","377,204",490,382,872,"183,900","193,304","377,204","183,838","193,289","377,127",-62,-15,-77,"183,838","193,289","377,127","183,947","193,459","377,406",109,170,279,"183,947","193,459","377,406","183,897","193,453","377,350",-50,-6,-56,"183,897","193,453","377,350","183,807","193,351","377,158",-90,-102,-192,"183,807","193,351","377,158","183,632","193,305","376,937",-175,-46,-221,"183,632","193,305","376,937","183,646","193,274","376,920",14,-31,-17,"183,646","193,274","376,920","183,432","193,082","376,514",-214,-192,-406
경기도 파주시 (4148000000),"230,315","223,583","453,898","230,236","223,589","453,825",-79,6,-73,"230,236","223,589","453,825","230,435","223,620","454,055",199,31,230,"230,435","223,620","454,055","230,527","223,580","454,107",92,-40,52,"230,527","223,580","454,107","230,461","223,579","454,040",-66,-1,-67,"230,461","223,579","454,040","230,458","223,503","453,961",-3,-76,-79,"230,458","223,503","453,961","230,409","223,418","453,827",-49,-85,-134,"230,409","223,418","453,827","230,790","223,704","454,494",381,286,667,"230,790","223,704","454,494","231,142","224,120","455,262",352,416,768,"231,142","224,120","455,262","231,256","224,215","455,471",114,95,209,"231,256","224,215","455,471","231,522","224,551","456,073",266,336,602,"231,522","224,551","456,073","231,825","224,963","456,788",303,412,715,"231,825","224,963","456,788","232,919","226,239","459,158","1,094","1,276","2,370","232,919","226,239","459,158","233,949","227,365","461,314","1,030","1,126","2,156","233,949","227,365","461,314","234,915","228,240","463,155",966,875,"1,841","234,915","228,240","463,155","235,537","228,916","464,453",622,676,"1,298","235,537","228,916","464,453","236,049","229,568","465,617",512,652,"1,164","236,049","229,568","465,617","236,488","230,051","466,539",439,483,922,"236,488","230,051","466,539","237,118","230,836","467,954",630,785,"1,415","237,118","230,836","467,954","237,528","230,973","468,501",410,137,547,"237,528","230,973","468,501","238,389","231,707","470,096",861,734,"1,595","238,389","231,707","470,096","238,960","232,259","471,219",571,552,"1,123","238,960","232,259","471,219","239,454","232,806","472,260",494,547,"1,041","239,454","232,806","472,260","240,306","233,367","473,673",852,561,"1,413","240,306","233,367","473,673","241,438","234,606","476,044","1,132","1,239","2,371","241,438","234,606","476,044","242,418","235,401","477,819",980,795,"1,775"
경기도 이천시 (4150000000),"111,533","104,694","216,227","111,556","104,669","216,225",23,-25,-2,"111,556","104,669","216,225","111,621","104,711","216,332",65,42,107,"111,621","104,711","216,332","111,215","104,589","215,804",-406,-122,-528,"111,215","104,589","215,804","111,244","104,590","215,834",29,1,30,"111,244","104,590","215,834","111,284","104,601","215,885",40,11,51,"111,284","104,601","215,885","111,272","104,597","215,869",-12,-4,-16,"111,272","104,597","215,869","111,554","104,850","216,404",282,253,535,"111,554","104,850","216,404","111,858","104,986","216,844",304,136,440,"111,858","104,986","216,844","112,430","105,117","217,547",572,131,703,"112,430","105,117","217,547","113,002","105,463","218,465",572,346,918,"113,002","105,463","218,465","113,271","105,683","218,954",269,220,489,"113,271","105,683","218,954","113,658","105,879","219,537",387,196,583,"113,658","105,879","219,537","113,655","105,876","219,531",-3,-3,-6,"113,655","105,876","219,531","113,667","105,846","219,513",12,-30,-18,"113,667","105,846","219,513","113,668","105,857","219,525",1,11,12,"113,668","105,857","219,525","112,947","105,441","218,388",-721,-416,"-1,137","112,947","105,441","218,388","113,095","105,556","218,651",148,115,263,"113,095","105,556","218,651","113,156","105,637","218,793",61,81,142,"113,156","105,637","218,793","113,087","105,478","218,565",-69,-159,-228,"113,087","105,478","218,565","113,538","105,686","219,224",451,208,659,"113,538","105,686","219,224","113,745","105,846","219,591",207,160,367,"113,745","105,846","219,591","114,471","106,433","220,904",726,587,"1,313","114,471","106,433","220,904","114,913","106,784","221,697",442,351,793,"114,913","106,784","221,697","115,596","107,287","222,883",683,503,"1,186","115,596","107,287","222,883","115,995","107,487","223,482",399,200,599
경기도 안성시 (4155000000),"94,647","89,629","184,276","94,581","89,501","184,082",-66,-128,-194,"94,581","89,501","184,082","94,482","89,351","183,833",-99,-150,-249,"94,482","89,351","183,833","94,287","89,225","183,512",-195,-126,-321,"94,287","89,225","183,512","94,227","89,178","183,405",-60,-47,-107,"94,227","89,178","183,405","94,249","89,120","183,369",22,-58,-36,"94,249","89,120","183,369","94,316","89,128","183,444",67,8,75,"94,316","89,128","183,444","94,481","89,270","183,751",165,142,307,"94,481","89,270","183,751","94,781","89,430","184,211",300,160,460,"94,781","89,430","184,211","95,278","89,740","185,018",497,310,807,"95,278","89,740","185,018","95,447","89,858","185,305",169,118,287,"95,447","89,858","185,305","95,575","89,969","185,544",128,111,239,"95,575","89,969","185,544","95,880","90,224","186,104",305,255,560,"95,880","90,224","186,104","96,122","90,338","186,460",242,114,356,"96,122","90,338","186,460","96,241","90,454","186,695",119,116,235,"96,241","90,454","186,695","96,313","90,540","186,853",72,86,158,"96,313","90,540","186,853","96,355","90,657","187,012",42,117,159,"96,355","90,657","187,012","96,474","90,758","187,232",119,101,220,"96,474","90,758","187,232","96,622","90,866","187,488",148,108,256,"96,622","90,866","187,488","96,711","90,829","187,540",89,-37,52,"96,711","90,829","187,540","97,025","91,013","188,038",314,184,498,"97,025","91,013","188,038","97,419","91,285","188,704",394,272,666,"97,419","91,285","188,704","97,561","91,499","189,060",142,214,356,"97,561","91,499","189,060","97,699","91,599","189,298",138,100,238,"97,699","91,599","189,298","97,911","91,730","189,641",212,131,343,"97,911","91,730","189,641","97,955","91,792","189,747",44,62,106
경기도 김포시 (4157000000),"217,759","216,018","433,777","218,050","216,294","434,344",291,276,567,"218,050","216,294","434,344","218,504","216,709","435,213",454,415,869,"218,504","216,709","435,213","218,919","217,087","436,006",415,378,793,"218,919","217,087","436,006","219,552","217,669","437,221",633,582,"1,215","219,552","217,669","437,221","219,805","217,984","437,789",253,315,568,"219,805","217,984","437,789","220,617","218,885","439,502",812,901,"1,713","220,617","218,885","439,502","222,353","220,718","443,071","1,736","1,833","3,569","222,353","220,718","443,071","223,443","221,982","445,425","1,090","1,264","2,354","223,443","221,982","445,425","224,224","222,814","447,038",781,832,"1,613","224,224","222,814","447,038","225,141","223,898","449,039",917,"1,084","2,001","225,141","223,898","449,039","226,602","225,240","451,842","1,461","1,342","2,803","226,602","225,240","451,842","229,922","228,583","458,505","3,320","3,343","6,663","229,922","228,583","458,505","232,501","231,234","463,735","2,579","2,651","5,230","232,501","231,234","463,735","234,117","232,967","467,084","1,616","1,733","3,349","234,117","232,967","467,084","235,230","234,110","469,340","1,113","1,143","2,256","235,230","234,110","469,340","237,507","236,463","473,970","2,277","2,353","4,630","237,507","236,463","473,970","239,165","238,167","477,332","1,658","1,704","3,362","239,165","238,167","477,332","240,076","239,214","479,290",911,"1,047","1,958","240,076","239,214","479,290","240,514","239,761","480,275",438,547,985,"240,514","239,761","480,275","241,239","240,480","481,719",725,719,"1,444","241,239","240,480","481,719","241,645","240,933","482,578",406,453,859,"241,645","240,933","482,578","242,136","241,506","483,642",491,573,"1,064","242,136","241,506","483,642","242,493","241,988","484,481",357,482,839,"242,493","241,988","484,481","242,792","242,429","485,221",299,441,740,"242,792","242,429","485,221","243,017","242,630","485,647",225,201,426
경기도 화성시 (4159000000),"413,982","385,330","799,312","416,120","387,132","803,252","2,138","1,802","3,940","416,120","387,132","803,252","418,590","389,393","807,983","2,470","2,261","4,731","418,590","389,393","807,983","420,550","391,228","811,778","1,960","1,835","3,795","420,550","391,228","811,778","422,470","392,926","815,396","1,920","1,698","3,618","422,470","392,926","815,396","424,061","394,699","818,760","1,591","1,773","3,364","424,061","394,699","818,760","425,993","396,477","822,470","1,932","1,778","3,710","425,993","396,477","822,470","428,761","398,842","827,603","2,768","2,365","5,133","428,761","398,842","827,603","431,049","400,839","831,888","2,288","1,997","4,285","431,049","400,839","831,888","432,499","401,879","834,378","1,450","1,040","2,490","432,499","401,879","834,378","433,894","402,768","836,662","1,395",889,"2,284","433,894","402,768","836,662","435,377","404,116","839,493","1,483","1,348","2,831","435,377","404,116","839,493","437,083","405,781","842,864","1,706","1,665","3,371","437,083","405,781","842,864","439,243","407,607","846,850","2,160","1,826","3,986","439,243","407,607","846,850","440,954","409,096","850,050","1,711","1,489","3,200","440,954","409,096","850,050","442,631","410,475","853,106","1,677","1,379","3,056","442,631","410,475","853,106","443,841","411,407","855,248","1,210",932,"2,142","443,841","411,407","855,248","445,135","412,415","857,550","1,294","1,008","2,302","445,135","412,415","857,550","446,168","413,161","859,329","1,033",746,"1,779","446,168","413,161","859,329","447,092","413,773","860,865",924,612,"1,536","447,092","413,773","860,865","449,184","415,503","864,687","2,092","1,730","3,822","449,184","415,503","864,687","450,855","416,964","867,819","1,671","1,461","3,132","450,855","416,964","867,819","452,263","418,098","870,361","1,408","1,134","2,542","452,263","418,098","870,361","453,495","419,042","872,537","1,232",944,"2,176","453,495","419,042","872,537","455,268","420,719","875,987","1,773","1,677","3,450","455,268","420,719","875,987","456,841","422,038","878,879","1,573","1,319","2,892"
경기도 광주시 (4161000000),"189,083","179,916","368,999","189,808","180,603","370,411",725,687,"1,412","189,808","180,603","370,411","190,190","181,095","371,285",382,492,874,"190,190","181,095","371,285","190,449","181,454","371,903",259,359,618,"190,449","181,454","371,903","190,774","181,880","372,654",325,426,751,"190,774","181,880","372,654","191,127","182,147","373,274",353,267,620,"191,127","182,147","373,274","191,421","182,446","373,867",294,299,593,"191,421","182,446","373,867","191,945","182,968","374,913",524,522,"1,046","191,945","182,968","374,913","192,208","183,353","375,561",263,385,648,"192,208","183,353","375,561","192,894","183,859","376,753",686,506,"1,192","192,894","183,859","376,753","193,232","184,293","377,525",338,434,772,"193,232","184,293","377,525","193,796","184,927","378,723",564,634,"1,198","193,796","184,927","378,723","194,146","185,334","379,480",350,407,757,"194,146","185,334","379,480","194,524","185,767","380,291",378,433,811,"194,524","185,767","380,291","194,783","186,038","380,821",259,271,530,"194,783","186,038","380,821","194,991","186,333","381,324",208,295,503,"160,816","152,973","313,789","195,298","186,756","382,054","34,482","33,783","68,265","195,298","186,756","382,054","195,548","187,030","382,578",250,274,524,"195,548","187,030","382,578","195,680","187,155","382,835",132,125,257,"195,680","187,155","382,835","195,851","187,201","383,052",171,46,217,"195,851","187,201","383,052","196,185","187,609","383,794",334,408,742,"196,185","187,609","383,794","196,393","187,913","384,306",208,304,512,"196,393","187,913","384,306","196,588","188,126","384,714",195,213,408,"196,588","188,126","384,714","196,660","188,340","385,000",72,214,286,"196,660","188,340","385,000","197,056","188,752","385,808",396,412,808,"197,056","188,752","385,808","197,265","189,036","386,301",209,284,493
경기도 양주시 (4163000000),"112,167","109,096","221,263","112,323","109,256","221,579",156,160,316,"112,323","109,256","221,579","112,495","109,455","221,950",172,199,371,"112,495","109,455","221,950","112,746","109,511","222,257",251,56,307,"112,746","109,511","222,257","112,775","109,539","222,314",29,28,57,"112,775","109,539","222,314","112,770","109,505","222,275",-5,-34,-39,"112,770","109,505","222,275","112,854","109,581","222,435",84,76,160,"112,854","109,581","222,435","113,515","110,189","223,704",661,608,"1,269","113,515","110,189","223,704","113,980","110,544","224,524",465,355,820,"113,980","110,544","224,524","114,236","110,833","225,069",256,289,545,"114,236","110,833","225,069","114,757","111,258","226,015",521,425,946,"114,757","111,258","226,015","115,695","112,277","227,972",938,"1,019","1,957","115,695","112,277","227,972","116,194","112,858","229,052",499,581,"1,080","116,194","112,858","229,052","116,428","112,999","229,427",234,141,375,"116,428","112,999","229,427","116,719","113,286","230,005",291,287,578,"116,719","113,286","230,005","116,847","113,426","230,273",128,140,268,"116,847","113,426","230,273","116,916","113,443","230,359",69,17,86,"116,916","113,443","230,359","117,346","113,895","231,241",430,452,882,"117,346","113,895","231,241","118,218","114,854","233,072",872,959,"1,831","118,218","114,854","233,072","118,821","115,360","234,181",603,506,"1,109","118,821","115,360","234,181","119,207","115,783","234,990",386,423,809,"119,207","115,783","234,990","119,349","115,927","235,276",142,144,286,"119,349","115,927","235,276","119,411","115,983","235,394",62,56,118,"119,411","115,983","235,394","119,411","116,084","235,495",0,101,101,"119,411","116,084","235,495","119,603","116,225","235,828",192,141,333,"119,603","116,225","235,828","119,717","116,311","236,028",114,86,200
경기도 포천시 (4165000000),"78,501","70,541","149,042","78,418","70,382","148,800",-83,-159,-242,"78,418","70,382","148,800","78,446","70,305","148,751",28,-77,-49,"78,446","70,305","148,751","78,342","70,241","148,583",-104,-64,-168,"78,342","70,241","148,583","78,231","70,148","148,379",-111,-93,-204,"78,231","70,148","148,379","78,129","70,008","148,137",-102,-140,-242,"78,129","70,008","148,137","77,972","69,798","147,770",-157,-210,-367,"77,972","69,798","147,770","78,050","69,803","147,853",78,5,83,"78,050","69,803","147,853","78,234","69,910","148,144",184,107,291,"78,234","69,910","148,144","78,242","69,839","148,081",8,-71,-63,"78,242","69,839","148,081","78,233","69,782","148,015",-9,-57,-66,"78,233","69,782","148,015","78,166","69,643","147,809",-67,-139,-206,"78,166","69,643","147,809","78,194","69,660","147,854",28,17,45,"78,194","69,660","147,854","78,196","69,607","147,803",2,-53,-51,"78,196","69,607","147,803","78,066","69,512","147,578",-130,-95,-225,"78,066","69,512","147,578","78,012","69,465","147,477",-54,-47,-101,"78,012","69,465","147,477","77,905","69,369","147,274",-107,-96,-203,"77,905","69,369","147,274","77,964","69,429","147,393",59,60,119,"77,964","69,429","147,393","78,036","69,444","147,480",72,15,87,"78,036","69,444","147,480","77,942","69,072","147,014",-94,-372,-466,"77,942","69,072","147,014","78,102","69,215","147,317",160,143,303,"78,102","69,215","147,317","78,138","69,287","147,425",36,72,108,"78,138","69,287","147,425","78,200","69,397","147,597",62,110,172,"78,200","69,397","147,597","78,351","69,504","147,855",151,107,258,"78,351","69,504","147,855","78,594","69,702","148,296",243,198,441,"78,594","69,702","148,296","78,653","69,781","148,434",59,79,138
경기도 여주시 (4167000000),"56,369","54,726","111,095","56,334","54,660","110,994",-35,-66,-101,"56,334","54,660","110,994","56,391","54,669","111,060",57,9,66,"56,391","54,669","111,060","56,453","54,697","111,150",62,28,90,"56,453","54,697","111,150","56,427","54,656","111,083",-26,-41,-67,"56,427","54,656","111,083","56,388","54,629","111,017",-39,-27,-66,"56,388","54,629","111,017","56,378","54,630","111,008",-10,1,-9,"56,378","54,630","111,008","56,415","54,668","111,083",37,38,75,"56,415","54,668","111,083","56,492","54,706","111,198",77,38,115,"56,492","54,706","111,198","56,545","54,689","111,234",53,-17,36,"56,545","54,689","111,234","56,582","54,759","111,341",37,70,107,"56,582","54,759","111,341","56,600","54,800","111,400",18,41,59,"56,600","54,800","111,400","56,651","54,787","111,438",51,-13,38,"56,651","54,787","111,438","56,689","54,823","111,512",38,36,74,"56,689","54,823","111,512","56,710","54,895","111,605",21,72,93,"56,710","54,895","111,605","56,728","54,908","111,636",18,13,31,"56,728","54,908","111,636","56,838","55,059","111,897",110,151,261,"56,838","55,059","111,897","56,897","55,147","112,044",59,88,147,"56,897","55,147","112,044","56,938","55,191","112,129",41,44,85,"56,938","55,191","112,129","56,842","55,061","111,903",-96,-130,-226,"56,842","55,061","111,903","56,882","55,031","111,913",40,-30,10,"56,882","55,031","111,913","56,898","55,041","111,939",16,10,26,"56,898","55,041","111,939","57,050","55,127","112,177",152,86,238,"57,050","55,127","112,177","57,076","55,127","112,203",26,0,26,"57,076","55,127","112,203","57,131","55,158","112,289",55,31,86,"57,131","55,158","112,289","57,058","55,093","112,151",-73,-65,-138
경기도 연천군 (4180000000),"23,047","20,947","43,994","22,998","20,935","43,933",-49,-12,-61,"22,998","20,935","43,933","22,980","20,901","43,881",-18,-34,-52,"22,980","20,901","43,881","23,003","20,915","43,918",23,14,37,"23,003","20,915","43,918","22,962","20,862","43,824",-41,-53,-94,"22,962","20,862","43,824","22,948","20,793","43,741",-14,-69,-83,"22,948","20,793","43,741","22,882","20,732","43,614",-66,-61,-127,"22,882","20,732","43,614","22,858","20,694","43,552",-24,-38,-62,"22,858","20,694","43,552","22,882","20,736","43,618",24,42,66,"22,882","20,736","43,618","22,930","20,759","43,689",48,23,71,"22,930","20,759","43,689","22,851","20,767","43,618",-79,8,-71,"22,851","20,767","43,618","22,834","20,732","43,566",-17,-35,-52,"22,834","20,732","43,566","22,813","20,729","43,542",-21,-3,-24,"22,813","20,729","43,542","22,827","20,763","43,590",14,34,48,"22,827","20,763","43,590","22,820","20,754","43,574",-7,-9,-16,"22,820","20,754","43,574","22,801","20,730","43,531",-19,-24,-43,"22,801","20,730","43,531","22,799","20,717","43,516",-2,-13,-15,"22,799","20,717","43,516","22,744","20,694","43,438",-55,-23,-78,"22,744","20,694","43,438","22,707","20,661","43,368",-37,-33,-70,"22,707","20,661","43,368","22,577","20,486","43,063",-130,-175,-305,"22,577","20,486","43,063","22,552","20,528","43,080",-25,42,17,"22,552","20,528","43,080","22,546","20,525","43,071",-6,-3,-9,"22,546","20,525","43,071","22,537","20,505","43,042",-9,-20,-29,"22,537","20,505","43,042","22,518","20,467","42,985",-19,-38,-57,"22,518","20,467","42,985","22,507","20,435","42,942",-11,-32,-43,"22,507","20,435","42,942","22,453","20,389","42,842",-54,-46,-100
경기도 가평군 (4182000000),"32,200","30,626","62,826","32,182","30,561","62,743",-18,-65,-83,"32,182","30,561","62,743","32,147","30,563","62,710",-35,2,-33,"32,147","30,563","62,710","32,062","30,440","62,502",-85,-123,-208,"32,062","30,440","62,502","32,042","30,373","62,415",-20,-67,-87,"32,042","30,373","62,415","31,986","30,317","62,303",-56,-56,-112,"31,986","30,317","62,303","31,976","30,248","62,224",-10,-69,-79,"31,976","30,248","62,224","31,990","30,272","62,262",14,24,38,"31,990","30,272","62,262","32,067","30,330","62,397",77,58,135,"32,067","30,330","62,397","32,175","30,391","62,566",108,61,169,"32,175","30,391","62,566","32,242","30,420","62,662",67,29,96,"32,242","30,420","62,662","32,247","30,385","62,632",5,-35,-30,"32,247","30,385","62,632","32,228","30,377","62,605",-19,-8,-27,"32,228","30,377","62,605","32,205","30,346","62,551",-23,-31,-54,"32,205","30,346","62,551","32,168","30,308","62,476",-37,-38,-75,"32,168","30,308","62,476","32,192","30,303","62,495",24,-5,19,"32,192","30,303","62,495","32,156","30,221","62,377",-36,-82,-118,"32,156","30,221","62,377","32,169","30,230","62,399",13,9,22,"32,169","30,230","62,399","32,128","30,211","62,339",-41,-19,-60,"32,128","30,211","62,339","32,009","30,040","62,049",-119,-171,-290,"32,009","30,040","62,049","32,080","30,126","62,206",71,86,157,"32,080","30,126","62,206","32,125","30,219","62,344",45,93,138,"32,125","30,219","62,344","32,146","30,218","62,364",21,-1,20,"32,146","30,218","62,364","32,114","30,234","62,348",-32,16,-16,"32,114","30,234","62,348","32,137","30,246","62,383",23,12,35,"32,137","30,246","62,383","32,167","30,167","62,334",30,-79,-49
경기도 양평군 (4183000000),"58,874","58,160","117,034","58,806","58,204","117,010",-68,44,-24,"58,806","58,204","117,010","58,856","58,226","117,082",50,22,72,"58,856","58,226","117,082","58,737","58,196","116,933",-119,-30,-149,"58,737","58,196","116,933","58,654","58,220","116,874",-83,24,-59,"58,654","58,220","116,874","58,654","58,256","116,910",0,36,36,"58,654","58,256","116,910","58,630","58,272","116,902",-24,16,-8,"58,630","58,272","116,902","58,676","58,349","117,025",46,77,123,"58,676","58,349","117,025","58,837","58,464","117,301",161,115,276,"58,837","58,464","117,301","58,902","58,554","117,456",65,90,155,"58,902","58,554","117,456","59,048","58,653","117,701",146,99,245,"59,048","58,653","117,701","59,192","58,739","117,931",144,86,230,"59,192","58,739","117,931","59,475","58,897","118,372",283,158,441,"59,475","58,897","118,372","59,493","58,940","118,433",18,43,61,"59,493","58,940","118,433","59,533","59,076","118,609",40,136,176,"59,533","59,076","118,609","59,600","59,178","118,778",67,102,169,"59,600","59,178","118,778","59,563","59,247","118,810",-37,69,32,"59,563","59,247","118,810","59,658","59,364","119,022",95,117,212,"59,658","59,364","119,022","59,846","59,525","119,371",188,161,349,"59,846","59,525","119,371","59,853","59,407","119,260",7,-118,-111,"59,853","59,407","119,260","59,981","59,524","119,505",128,117,245,"59,981","59,524","119,505","60,147","59,679","119,826",166,155,321,"60,147","59,679","119,826","60,259","59,753","120,012",112,74,186,"60,259","59,753","120,012","60,513","59,906","120,419",254,153,407,"60,513","59,906","120,419","60,817","60,137","120,954",304,231,535,"60,817","60,137","120,954","60,791","60,206","120,997",-26,69,43